file_name,image_id_a,image_id_b,n_batches_for_file,mask_area_a_px,mask_area_b_px,n_anns_a,n_anns_b,iou
20210626133950Bh.jpeg,040301-20210626133950Bh,040303-20210626133950Bh,2,2819,3267,3,1,0.0
20150727082014Th.jpeg,030401-20150727082014Th,030403-20150727082014Th,2,834,4610,1,2,0.0
20121006063534Lh.jpeg,010202-20121006063534Lh,010201-20121006063534Lh,2,8693,1819,5,2,0.0809254498714653
20160225173314Mh.jpeg,010403-20160225173314Mh,010402-20160225173314Mh,3,5530,18218,3,8,0.0950843862399705
20171007133730Ch.jpeg,010403-20171007133730Ch,010402-20171007133730Ch,2,554,5465,1,4,0.09996345029239766
20210201020330Lh.jpeg,010201-20210201020330Lh,010203-20210201020330Lh,3,9498,3076,3,1,0.11778824784425282
20190611032810Mh.jpeg,010202-20190611032810Mh,010203-20190611032810Mh,3,9645,1574,3,1,0.12212442488497699
20190611032810Mh.jpeg,010202-20190611032810Mh,010201-20190611032810Mh,3,9645,1681,3,1,0.1260688009544641
20160225173314Mh.jpeg,010401-20160225173314Mh,010402-20160225173314Mh,3,5055,18218,5,8,0.1322856864843826
20130107174854Bh.jpeg,050102-20130107174854Bh,050101-20130107174854Bh,3,70018,12584,11,4,0.13279117925369247
20171103222630Lh.jpeg,010202-20171103222630Lh,010201-20171103222630Lh,2,4416,752,3,1,0.13857677902621723
20110410141654Bh.jpeg,010403-20110410141654Bh,010402-20110410141654Bh,3,3582,23387,2,4,0.13980812307172139
20161205133714Th.jpeg,010401-20161205133714Th,010402-20161205133714Th,3,15598,6447,4,3,0.14365013488275577
20120720085114Th.jpeg,050101-20120720085114Th,050102-20120720085114Th,3,1910,11702,3,6,0.14473130939365908
20151128133734Ch.jpeg,040301-20151128133734Ch,040302-20151128133734Ch,2,2444,7909,5,10,0.14752826424296164
20150819082014Th.jpeg,010201-20150819082014Th,010202-20150819082014Th,3,4425,889,6,1,0.1487246000864678
20161205133714Th.jpeg,010401-20161205133714Th,010403-20161205133714Th,3,15598,4070,4,2,0.15091579378547604
20110301082654Uh.jpeg,010403-20110301082654Uh,010402-20110301082654Uh,3,1245,3056,2,4,0.15308310991957105
20110410141654Bh.jpeg,010403-20110410141654Bh,010401-20110410141654Bh,3,3582,11944,2,4,0.1717735849056604
20120914063134Lh.jpeg,040302-20120914063134Lh,040301-20120914063134Lh,2,6560,1544,4,3,0.18254778928936233
20150819082014Th.jpeg,010201-20150819082014Th,010203-20150819082014Th,3,4425,1592,6,1,0.19456025411951558
20110301082654Uh.jpeg,010401-20110301082654Uh,010402-20110301082654Uh,3,702,3056,1,4,0.19491255961844198
20120720085114Th.jpeg,050101-20120720085114Th,050103-20120720085114Th,3,1910,7519,3,6,0.19778963414634146
20110803164914Mh.jpeg,010402-20110803164914Mh,010401-20110803164914Mh,3,28486,6412,14,8,0.19788555933134247
20110205082634Lh.jpeg,020401-20110205082634Lh,020403-20110205082634Lh,2,6464,1817,4,2,0.19944959443800694
20171011170310Mh.jpeg,010102-20171011170310Mh,010101-20171011170310Mh,3,1036,1223,1,2,0.20159574468085106
20170804140650Bh.jpeg,010401-20170804140650Bh,010402-20170804140650Bh,3,797,3339,1,3,0.20302501454333916
20171011170310Mh.jpeg,010101-20171011170310Mh,010103-20171011170310Mh,3,1223,615,2,1,0.20445609436435125
20210624133950Bh.jpeg,010303-20210624133950Bh,010302-20210624133950Bh,2,777,3259,1,2,0.20585599043919928
20190701123830Ch.jpeg,040301-20190701123830Ch,040302-20190701123830Ch,2,1122,3251,1,4,0.2090129941940835
20170726235030Lh.jpeg,010202-20170726235030Lh,010203-20170726235030Lh,3,3295,15376,2,5,0.20910503820748608
20171101133730Ch.jpeg,010102-20171101133730Ch,010101-20171101133730Ch,3,2760,6121,1,5,0.21027527936767512
20130107174854Bh.jpeg,050102-20130107174854Bh,050103-20130107174854Bh,3,70018,17854,11,7,0.21065828993414346
20170119031254Uh.jpeg,010401-20170119031254Uh,010403-20170119031254Uh,3,1689,964,2,1,0.21418764302059495
20170119031254Uh.jpeg,010403-20170119031254Uh,010402-20170119031254Uh,3,964,3998,1,4,0.21796759941089838
20150720082014Th.jpeg,020401-20150720082014Th,020403-20150720082014Th,2,2927,9616,4,4,0.21847678259180106
20200114073230Lh.jpeg,020401-20200114073230Lh,020403-20200114073230Lh,2,2783,1048,2,1,0.21851145038167938
20120723095014Th.jpeg,010402-20120723095014Th,010403-20120723095014Th,3,7862,1914,6,3,0.22001747160863597
20210201020330Lh.jpeg,010202-20210201020330Lh,010203-20210201020330Lh,3,4954,3076,2,1,0.22129277566539923
20121109103634Ch.jpeg,010103-20121109103634Ch,010101-20121109103634Ch,3,6340,20418,5,10,0.22479058909690117
20170425133730Ch.jpeg,020401-20170425133730Ch,020403-20170425133730Ch,2,5631,2245,3,2,0.22698239601183984
20140509195814Mh.jpeg,010103-20140509195814Mh,010102-20140509195814Mh,3,4342,13965,6,8,0.2279983901261068
20140509195814Mh.jpeg,010102-20140509195814Mh,010101-20140509195814Mh,3,13965,3386,8,7,0.228737341548049
20180309000910Mh.jpeg,010101-20180309000910Mh,010103-20180309000910Mh,2,3328,1064,1,1,0.23128679562657695
20121109103634Ch.jpeg,010103-20121109103634Ch,010102-20121109103634Ch,3,6340,20764,5,9,0.23228006365082973
20140414020354Uh.jpeg,010202-20140414020354Uh,010201-20140414020354Uh,2,10053,13071,4,13,0.23486062159564242
20120723095014Th.jpeg,010401-20120723095014Th,010402-20120723095014Th,3,2174,7862,3,6,0.23535204332840964
20111009110234Ch.jpeg,010401-20111009110234Ch,010402-20111009110234Ch,3,5265,14753,10,16,0.23651862375687194
20171101133730Ch.jpeg,010101-20171101133730Ch,010103-20171101133730Ch,3,6121,1851,5,2,0.24019912881144992
20160920230134Lh.jpeg,010402-20160920230134Lh,010403-20160920230134Lh,3,12971,3693,8,2,0.24163624171075182
20140531195834Ch.jpeg,010203-20140531195834Ch,010202-20140531195834Ch,2,1440,3506,1,6,0.24490309589730683
20110203082634Lh.jpeg,010102-20110203082634Lh,010101-20110203082634Lh,3,4684,4045,1,5,0.24806977409207892
20120913165314Mh.jpeg,010401-20120913165314Mh,010402-20120913165314Mh,3,3024,9961,4,3,0.2506019454878166
20210201020330Lh.jpeg,010202-20210201020330Lh,010201-20210201020330Lh,3,4954,9498,2,3,0.25168889658756277
20160920230134Lh.jpeg,010403-20160920230134Lh,010401-20160920230134Lh,3,3693,11210,2,4,0.2548837992590098
20180202130330Ch.jpeg,050103-20180202130330Ch,050102-20180202130330Ch,3,2080,7273,3,1,0.25729264686113723
20170218173710Mh.jpeg,010102-20170218173710Mh,010101-20170218173710Mh,2,10600,20103,2,9,0.258990445729282
20111215063134Lh.jpeg,010401-20111215063134Lh,010402-20111215063134Lh,3,7420,27525,5,9,0.26232705992847594
20120519070814Th.jpeg,010401-20120519070814Th,010402-20120519070814Th,3,42523,28380,16,20,0.2690937729331114
20111009110234Ch.jpeg,010402-20111009110234Ch,010403-20111009110234Ch,3,14753,6584,16,7,0.2708159618820727
20170726235030Lh.jpeg,010201-20170726235030Lh,010202-20170726235030Lh,3,9605,3295,7,2,0.27218934911242604
20121218063534Lh.jpeg,010402-20121218063534Lh,010401-20121218063534Lh,3,27192,9277,11,7,0.2726923748036992
20120703070814Th.jpeg,010402-20120703070814Th,010403-20120703070814Th,3,32867,10539,21,8,0.27585902824725905
20110215083814Th.jpeg,010401-20110215083814Th,010403-20110215083814Th,3,5790,8326,5,4,0.27920253738106027
20110803164914Mh.jpeg,010402-20110803164914Mh,010403-20110803164914Mh,3,28486,9740,14,11,0.27953138075313805
20120703070814Th.jpeg,010402-20120703070814Th,010401-20120703070814Th,3,32867,13316,21,14,0.2832532162605241
20121129063154Uh.jpeg,010403-20121129063154Uh,010402-20121129063154Uh,3,4864,12397,3,7,0.2837275026030046
20131128192214Mh.jpeg,010102-20131128192214Mh,010101-20131128192214Mh,2,30312,10676,9,10,0.2863823243260208
20130110104734Ch.jpeg,020403-20130110104734Ch,020401-20130110104734Ch,2,23470,51140,10,9,0.2872226631241158
20110502063154Uh.jpeg,050101-20110502063154Uh,050102-20110502063154Uh,3,15139,33185,12,9,0.2909809788416328
20120519070814Th.jpeg,010401-20120519070814Th,010403-20120519070814Th,3,42523,24581,16,14,0.2913804052883783
20170804140650Bh.jpeg,010401-20170804140650Bh,010403-20170804140650Bh,3,797,2465,1,2,0.2975338106603023
20111215063134Lh.jpeg,010403-20111215063134Lh,010401-20111215063134Lh,3,11677,7420,5,5,0.29876224156692055
20160204133734Ch.jpeg,010303-20160204133734Ch,010302-20160204133734Ch,2,35229,24255,16,12,0.29889073281509304
20140414195834Ch.jpeg,050101-20140414195834Ch,050102-20140414195834Ch,3,13255,33769,8,10,0.29990324809951624
20171115222230Lh.jpeg,040401-20171115222230Lh,040402-20171115222230Lh,2,5893,5346,5,8,0.3006596458743201
20170103030554Uh.jpeg,010102-20170103030554Uh,010103-20170103030554Uh,3,2505,2173,3,3,0.30088987764182423
20161224024154Uh.jpeg,010101-20161224024154Uh,010103-20161224024154Uh,3,10740,3783,6,5,0.30251121076233184
20111215063134Lh.jpeg,010403-20111215063134Lh,010402-20111215063134Lh,3,11677,27525,5,9,0.30451565671691455
20121129063154Uh.jpeg,010402-20121129063154Uh,010401-20121129063154Uh,3,12397,8241,7,3,0.3053763440860215
20161222133714Th.jpeg,010101-20161222133714Th,010102-20161222133714Th,2,6319,6875,6,3,0.3056902523503216
20190626025430Lh.jpeg,010102-20190626025430Lh,010103-20190626025430Lh,3,1960,621,2,1,0.30683544303797466
20120424072414Th.jpeg,010401-20120424072414Th,010403-20120424072414Th,3,11459,24331,4,6,0.30730174964386164
20110203082634Lh.jpeg,010102-20110203082634Lh,010103-20110203082634Lh,3,4684,2349,1,2,0.30822172619047616
20160215133734Ch.jpeg,010403-20160215133734Ch,010402-20160215133734Ch,3,5263,14799,6,10,0.3113275377475652
20120424072414Th.jpeg,010402-20120424072414Th,010401-20120424072414Th,3,24323,11459,10,4,0.311801151152986
20121218063534Lh.jpeg,010402-20121218063534Lh,010403-20121218063534Lh,3,27192,11792,11,6,0.3131673796611311
20110923165814Mh.jpeg,010403-20110923165814Mh,010402-20110923165814Mh,3,6234,18233,5,6,0.31472326706072007
20151122172614Mh.jpeg,010103-20151122172614Mh,010101-20151122172614Mh,3,12048,24972,8,14,0.3181413565960477
20131011195414Mh.jpeg,010403-20131011195414Mh,010402-20131011195414Mh,3,6857,19234,4,15,0.318926296633303
20150221155154Bh.jpeg,010401-20150221155154Bh,010402-20150221155154Bh,3,9877,23168,5,12,0.3205850617431963
20161224024154Uh.jpeg,010101-20161224024154Uh,010102-20161224024154Uh,3,10740,4447,6,4,0.32141303402070825
20220721185332Bh.jpeg,010403-20220721185332Bh,010401-20220721185332Bh,3,10992,23021,7,17,0.32227967188897094
20110215083814Th.jpeg,010402-20110215083814Th,010403-20110215083814Th,3,11664,8326,4,4,0.3229649238914626
20110128174814Mh.jpeg,010401-20110128174814Mh,010403-20110128174814Mh,3,6394,3139,3,1,0.3240277777777778
20170222133710Th.jpeg,010203-20170222133710Th,010202-20170222133710Th,2,749,1724,1,2,0.3260053619302949
20170119031254Uh.jpeg,010401-20170119031254Uh,010402-20170119031254Uh,3,1689,3998,2,4,0.32656869605784933
20120427063154Uh.jpeg,010102-20120427063154Uh,010101-20120427063154Uh,2,43759,34877,6,10,0.32884953359470054
20140414195834Ch.jpeg,050103-20140414195834Ch,050101-20140414195834Ch,3,29301,13255,14,8,0.3295010778218626
20110923165814Mh.jpeg,010401-20110923165814Mh,010402-20110923165814Mh,3,6597,18233,7,6,0.33229597038149916
20130107174854Bh.jpeg,050103-20130107174854Bh,050101-20130107174854Bh,3,17854,12584,7,4,0.33330413071093784
20111229063154Uh.jpeg,010401-20111229063154Uh,010402-20111229063154Uh,3,4165,7459,3,9,0.33348629115521394
20140508195834Ch.jpeg,040301-20140508195834Ch,040302-20140508195834Ch,2,3238,5254,3,6,0.333961671379202
20170831170750Bh.jpeg,010302-20170831170750Bh,010303-20170831170750Bh,2,5682,11443,3,3,0.3342423061940008
20140509071314Th.jpeg,010402-20140509071314Th,010401-20140509071314Th,3,6277,3759,5,4,0.3343970216726499
20190609123330Ch.jpeg,010301-20190609123330Ch,010302-20190609123330Ch,2,2188,5485,4,3,0.3346668985910593
20150423120034Ch.jpeg,010401-20150423120034Ch,010403-20150423120034Ch,3,26210,35184,15,9,0.3361916991316082
20190626025430Lh.jpeg,010103-20190626025430Lh,010101-20190626025430Lh,3,621,1539,1,2,0.33663366336633666
20131107043054Uh.jpeg,010402-20131107043054Uh,010401-20131107043054Uh,3,18665,14179,10,10,0.33773216031280545
20160430133714Th.jpeg,010402-20160430133714Th,010403-20160430133714Th,2,5752,2137,6,3,0.33802578018995927
20131011195414Mh.jpeg,010401-20131011195414Mh,010402-20131011195414Mh,3,9575,19234,5,15,0.3385215815639084
20140509071314Th.jpeg,010403-20140509071314Th,010401-20140509071314Th,3,6551,3759,6,4,0.33896103896103896
20120404063154Uh.jpeg,010403-20120404063154Uh,010401-20120404063154Uh,3,13463,10636,3,5,0.3393541932973934
20111218085014Th.jpeg,050101-20111218085014Th,050102-20111218085014Th,3,20303,42104,10,12,0.34073087417019354
20140604195854Bh.jpeg,010101-20140604195854Bh,010102-20140604195854Bh,3,7140,4289,8,2,0.34143192488262913
20120913165314Mh.jpeg,010403-20120913165314Mh,010402-20120913165314Mh,3,3798,9961,3,3,0.342079594225517
20140710083214Th.jpeg,050101-20140710083214Th,050102-20140710083214Th,3,17118,40336,12,10,0.34301075268817205
20111218085014Th.jpeg,050101-20111218085014Th,050103-20111218085014Th,3,20303,33265,10,14,0.3431960081241694
20110128174814Mh.jpeg,010402-20110128174814Mh,010403-20110128174814Mh,3,5646,3139,3,1,0.3445056626874809
20180202130330Ch.jpeg,050102-20180202130330Ch,050101-20180202130330Ch,3,7273,3375,1,2,0.3446142189670413
20150423120034Ch.jpeg,010402-20150423120034Ch,010403-20150423120034Ch,3,22048,35184,16,9,0.34533743917632403
20131107043054Uh.jpeg,010401-20131107043054Uh,010403-20131107043054Uh,3,14179,14777,10,7,0.34603941985868353
20160403170114Mh.jpeg,010402-20160403170114Mh,010401-20160403170114Mh,3,11196,8230,6,4,0.3466897746967071
20160401170314Mh.jpeg,010101-20160401170314Mh,010103-20160401170314Mh,3,15854,6946,6,8,0.34767703038184183
20130303063154Uh.jpeg,010401-20130303063154Uh,010402-20130303063154Uh,3,2684,5684,1,2,0.3477210500885811
20110711071214Th.jpeg,040301-20110711071214Th,040302-20110711071214Th,2,4322,8641,5,8,0.349188176519567
20160213153054Bh.jpeg,010401-20160213153054Bh,010403-20160213153054Bh,3,13414,22304,6,4,0.35019278748015426
20120215153654Bh.jpeg,010101-20120215153654Bh,010102-20120215153654Bh,2,51412,39166,18,10,0.3518095664502649
20160215133734Ch.jpeg,010401-20160215133734Ch,010402-20160215133734Ch,3,6800,14799,7,10,0.35442402959804353
20120729122634Ch.jpeg,010201-20120729122634Ch,010203-20120729122634Ch,3,30183,32799,10,8,0.35655208064099253
20170103030554Uh.jpeg,010101-20170103030554Uh,010103-20170103030554Uh,3,2624,2173,4,3,0.357001414427157
20131016185334Ch.jpeg,010102-20131016185334Ch,010103-20131016185334Ch,3,30541,13381,8,8,0.35758662256977714
20160401170314Mh.jpeg,010103-20160401170314Mh,010102-20160401170314Mh,3,6946,16154,8,4,0.35834411384217335
20120404063154Uh.jpeg,010403-20120404063154Uh,010402-20120404063154Uh,3,13463,11631,3,7,0.3591507339002329
20131007075314Th.jpeg,010402-20131007075314Th,010401-20131007075314Th,3,23651,13030,10,7,0.36036938139741875
20110301082654Uh.jpeg,010403-20110301082654Uh,010401-20110301082654Uh,3,1245,702,2,1,0.36058700209643607
20210817165030Mh.jpeg,010402-20210817165030Mh,010401-20210817165030Mh,3,5937,3309,4,2,0.36070640176600444
20111229063154Uh.jpeg,010401-20111229063154Uh,010403-20111229063154Uh,3,4165,7754,3,7,0.3621714285714286
20201227202710Mh.jpeg,010403-20201227202710Mh,010401-20201227202710Mh,3,2595,2468,4,4,0.36358739563695125
20151117172314Mh.jpeg,010102-20151117172314Mh,010103-20151117172314Mh,3,34817,14460,7,10,0.36403144549631844
20151122172614Mh.jpeg,010102-20151122172614Mh,010101-20151122172614Mh,3,19257,24972,9,14,0.36425046267735967
20150731082034Lh.jpeg,050102-20150731082034Lh,050103-20150731082034Lh,3,39075,15973,10,8,0.36446559587547095
20141016195834Ch.jpeg,010402-20141016195834Ch,010401-20141016195834Ch,3,17595,8278,13,9,0.365113702316256
20160526011254Uh.jpeg,010101-20160526011254Uh,010102-20160526011254Uh,3,17184,41439,8,8,0.3657394464635169
20120603123034Ch.jpeg,010101-20120603123034Ch,010103-20120603123034Ch,3,10858,14895,5,5,0.3678032717229658
20180825205030Ch.jpeg,010103-20180825205030Ch,010102-20180825205030Ch,3,5594,14316,2,2,0.3678208298983237
20110914063134Lh.jpeg,010101-20110914063134Lh,010102-20110914063134Lh,3,17059,30705,18,22,0.36808638615988315
20140604195854Bh.jpeg,010101-20140604195854Bh,010103-20140604195854Bh,3,7140,5706,8,5,0.36892583120204603
20180202130330Ch.jpeg,050103-20180202130330Ch,050101-20180202130330Ch,3,2080,3375,3,2,0.36991461577096935
20110823120334Ch.jpeg,010202-20110823120334Ch,010203-20110823120334Ch,3,6005,3571,4,1,0.37015309772499644
20150221155154Bh.jpeg,010403-20150221155154Bh,010401-20150221155154Bh,3,17297,9877,7,5,0.3703479576399395
20210616142650Bh.jpeg,040401-20210616142650Bh,040402-20210616142650Bh,2,2760,3515,1,4,0.3733858612387831
20161231133734Ch.jpeg,010203-20161231133734Ch,010202-20161231133734Ch,2,6941,14162,4,6,0.3734461438333876
20170804140650Bh.jpeg,010403-20170804140650Bh,010402-20170804140650Bh,3,2465,3339,2,3,0.3740530303030303
20131229112414Th.jpeg,050102-20131229112414Th,050101-20131229112414Th,3,13150,6637,8,9,0.37591266254085254
20210223222830Ch.jpeg,010401-20210223222830Ch,010402-20210223222830Ch,3,5057,6688,2,5,0.37609841827768015
20130429063154Uh.jpeg,010403-20130429063154Uh,010402-20130429063154Uh,2,5253,11749,4,8,0.3762344180022665
20141216222634Lh.jpeg,050102-20141216222634Lh,050101-20141216222634Lh,3,42141,38659,13,10,0.3768190028286133
20110727063234Lh.jpeg,050103-20110727063234Lh,050102-20110727063234Lh,3,8683,14255,4,5,0.3771613832853026
20120404063154Uh.jpeg,010402-20120404063154Uh,010401-20120404063154Uh,3,11631,10636,7,5,0.37748221466130527
20141106195854Bh.jpeg,010401-20141106195854Bh,010402-20141106195854Bh,3,15665,25216,7,13,0.3786463426971976
20131006075314Th.jpeg,010101-20131006075314Th,010102-20131006075314Th,2,22485,28647,11,10,0.37877848186598356
20130425135954Bh.jpeg,010101-20130425135954Bh,010102-20130425135954Bh,2,15208,12387,11,7,0.38106200890846303
20110823120334Ch.jpeg,010203-20110823120334Ch,010201-20110823120334Ch,3,3571,6843,1,4,0.38116710875331566
20170418013450Uh.jpeg,010101-20170418013450Uh,010103-20170418013450Uh,3,4122,2538,2,1,0.3811696391538781
20121009165914Mh.jpeg,010403-20121009165914Mh,010402-20121009165914Mh,2,10479,19251,1,4,0.3822120972616114
20171004143950Bh.jpeg,010202-20171004143950Bh,010203-20171004143950Bh,2,5824,10014,2,5,0.38226566591028105
20110324082614Th.jpeg,020401-20110324082614Th,020403-20110324082614Th,2,2218,1272,4,2,0.3827258320126783
20210222222850Bh.jpeg,010103-20210222222850Bh,010101-20210222222850Bh,2,818,696,3,2,0.38391224862888484
20220721185332Bh.jpeg,010403-20220721185332Bh,010402-20220721185332Bh,3,10992,20601,7,12,0.3882761348156611
20160501143154Bh.jpeg,020401-20160501143154Bh,020403-20160501143154Bh,2,2824,6060,5,7,0.3885589246639575
20170726235030Lh.jpeg,010201-20170726235030Lh,010203-20170726235030Lh,3,9605,15376,7,5,0.3895316497941929
20160403170114Mh.jpeg,010403-20160403170114Mh,010401-20160403170114Mh,3,5018,8230,3,4,0.39086614173228346
20140710083214Th.jpeg,050103-20140710083214Th,050102-20140710083214Th,3,25396,40336,16,10,0.3912417719643575
20120610175114Mh.jpeg,010401-20120610175114Mh,010403-20120610175114Mh,3,19367,21661,10,11,0.3918176267046611
20160617133654Bh.jpeg,050102-20160617133654Bh,050103-20160617133654Bh,3,14624,6728,7,5,0.39182582621732615
20120206063134Lh.jpeg,010101-20120206063134Lh,010102-20120206063134Lh,2,18823,22036,10,7,0.39288879798186405
20160402025254Uh.jpeg,020401-20160402025254Uh,020403-20160402025254Uh,2,6694,12127,8,7,0.3931162102146558
20160229151254Bh.jpeg,010402-20160229151254Bh,010401-20160229151254Bh,3,16769,10067,8,6,0.39320942788910807
20111009110234Ch.jpeg,010401-20111009110234Ch,010403-20111009110234Ch,3,5265,6584,10,7,0.3936720771583157
20170502233130Lh.jpeg,010201-20170502233130Lh,010202-20170502233130Lh,3,1424,3121,1,2,0.3941717791411043
20120703070814Th.jpeg,010403-20120703070814Th,010401-20120703070814Th,3,10539,13316,8,14,0.39969488939740655
20140605195854Bh.jpeg,010301-20140605195854Bh,010302-20140605195854Bh,2,4328,3592,5,2,0.3997879109225875
20120110155754Bh.jpeg,050102-20120110155754Bh,050101-20120110155754Bh,3,61046,31917,6,4,0.39987652090109627
20131007075314Th.jpeg,010403-20131007075314Th,010401-20131007075314Th,3,21504,13030,7,7,0.40085997079344476
20111027145954Bh.jpeg,010102-20111027145954Bh,010103-20111027145954Bh,3,20590,11209,5,7,0.40163970555824924
20111027145954Bh.jpeg,010103-20111027145954Bh,010101-20111027145954Bh,3,11209,11687,7,4,0.40208205756276794
20200110073230Lh.jpeg,010103-20200110073230Lh,010101-20200110073230Lh,3,1591,3578,1,1,0.40271370420624153
20110502063154Uh.jpeg,050102-20110502063154Uh,050103-20110502063154Uh,3,33185,18912,9,10,0.4027194399569198
20170327143550Bh.jpeg,010203-20170327143550Bh,010202-20170327143550Bh,2,6571,4263,5,3,0.40282273727825973
20110114105034Ch.jpeg,010101-20110114105034Ch,010103-20110114105034Ch,2,8593,5201,5,10,0.4029698942229455
20141016195834Ch.jpeg,010401-20141016195834Ch,010403-20141016195834Ch,3,8278,14137,9,11,0.4032177288093151
20141027025054Uh.jpeg,010102-20141027025054Uh,010101-20141027025054Uh,2,39704,20603,7,7,0.40363086232980333
20160403170114Mh.jpeg,010403-20160403170114Mh,010402-20160403170114Mh,3,5018,11196,3,6,0.4042958600381084
20110306082634Lh.jpeg,010403-20110306082634Lh,010401-20110306082634Lh,3,10923,7355,6,6,0.4063245364314842
20140509195814Mh.jpeg,010103-20140509195814Mh,010101-20140509195814Mh,3,4342,3386,6,7,0.4068814855270344
20180306081810Th.jpeg,010402-20180306081810Th,010401-20180306081810Th,3,5696,4670,2,4,0.40727667662231876
20140205180154Bh.jpeg,010403-20140205180154Bh,010402-20140205180154Bh,3,16045,22888,11,17,0.40831976849339846
20150423120034Ch.jpeg,010402-20150423120034Ch,010401-20150423120034Ch,3,22048,26210,16,15,0.409280728908098
20111029063154Uh.jpeg,010102-20111029063154Uh,010101-20111029063154Uh,2,19358,13622,10,8,0.41024544599332935
20160229151254Bh.jpeg,010403-20160229151254Bh,010401-20160229151254Bh,3,12946,10067,6,6,0.4112344391978905
20110727063234Lh.jpeg,050101-20110727063234Lh,050102-20110727063234Lh,3,6335,14255,5,5,0.41124057573680606
20110914063134Lh.jpeg,010103-20110914063134Lh,010102-20110914063134Lh,3,16798,30705,18,22,0.4126446010646207
20121109103634Ch.jpeg,010101-20121109103634Ch,010102-20121109103634Ch,3,20418,20764,10,9,0.41348893083919686
20110502063154Uh.jpeg,050101-20110502063154Uh,050103-20110502063154Uh,3,15139,18912,12,10,0.4143130088054494
20131107043054Uh.jpeg,010402-20131107043054Uh,010403-20131107043054Uh,3,18665,14777,10,7,0.4146362098138748
20160810234034Lh.jpeg,010401-20160810234034Lh,010402-20160810234034Lh,3,14856,23570,5,7,0.41469700316618807
20130319144654Bh.jpeg,010403-20130319144654Bh,010402-20130319144654Bh,3,7020,13445,4,8,0.4153814233349471
20130221063134Lh.jpeg,010401-20130221063134Lh,010402-20130221063134Lh,3,3578,7525,2,4,0.4167410999106801
20160810234034Lh.jpeg,010401-20160810234034Lh,010403-20160810234034Lh,3,14856,15783,5,8,0.41794705664568677
20110306082634Lh.jpeg,010401-20110306082634Lh,010402-20110306082634Lh,3,7355,14208,6,7,0.4187117573524574
20150112081954Uh.jpeg,010101-20150112081954Uh,010102-20150112081954Uh,3,33767,40957,16,7,0.4193670934164039
20171008144250Bh.jpeg,010101-20171008144250Bh,010102-20171008144250Bh,2,4507,3351,3,1,0.4194364161849711
20120403164114Mh.jpeg,020403-20120403164114Mh,020401-20120403164114Mh,2,9356,11019,3,5,0.4210489608034593
20121007131134Ch.jpeg,050103-20121007131134Ch,050101-20121007131134Ch,2,5758,11671,3,5,0.4225432582435521
20151119133734Ch.jpeg,010301-20151119133734Ch,010302-20151119133734Ch,2,16164,25481,9,8,0.42278783737615305
20131225065154Uh.jpeg,050101-20131225065154Uh,050103-20131225065154Uh,3,12050,8712,8,6,0.42429855251423476
20171029150150Bh.jpeg,010401-20171029150150Bh,010402-20171029150150Bh,3,10153,15603,5,6,0.42471512335435335
20160617133654Bh.jpeg,050103-20160617133654Bh,050101-20160617133654Bh,3,6728,9135,5,5,0.4252470799640611
20150221155154Bh.jpeg,010403-20150221155154Bh,010402-20150221155154Bh,3,17297,23168,7,12,0.4254764504878994
20171115170950Bh.jpeg,050103-20171115170950Bh,050101-20171115170950Bh,2,1655,2975,2,3,0.42549261083743845
20160213153054Bh.jpeg,010401-20160213153054Bh,010402-20160213153054Bh,3,13414,22521,6,8,0.42559606458523425
20150125172714Mh.jpeg,010401-20150125172714Mh,010402-20150125172714Mh,3,5383,11518,3,5,0.42600404994937563
20160920230134Lh.jpeg,010402-20160920230134Lh,010401-20160920230134Lh,3,12971,11210,8,4,0.42694441166056885
20131016185334Ch.jpeg,010102-20131016185334Ch,010101-20131016185334Ch,3,30541,23261,8,10,0.42733591553032313
20151117172314Mh.jpeg,010102-20151117172314Mh,010101-20151117172314Mh,3,34817,16626,7,6,0.4282580931756344
20130517063134Lh.jpeg,010402-20130517063134Lh,010401-20130517063134Lh,3,10902,9932,10,7,0.42855183763027976
20180318020350Uh.jpeg,010101-20180318020350Uh,010102-20180318020350Uh,3,1738,2258,2,1,0.4291845493562232
20210817165030Mh.jpeg,010403-20210817165030Mh,010402-20210817165030Mh,3,3359,5937,2,4,0.43037390367748884
20150731082034Lh.jpeg,050101-20150731082034Lh,050103-20150731082034Lh,3,22500,15973,10,8,0.43240626977921737
20120110155754Bh.jpeg,050102-20120110155754Bh,050103-20120110155754Bh,3,61046,42961,6,5,0.43256384121649544
20130630070714Th.jpeg,050102-20130630070714Th,050101-20130630070714Th,3,7386,7197,5,5,0.43321867321867324
20180306081810Th.jpeg,010401-20180306081810Th,010403-20180306081810Th,3,4670,7436,4,3,0.4335109532267614
20150308081954Uh.jpeg,010401-20150308081954Uh,010402-20150308081954Uh,3,21058,25337,8,5,0.4343793476580615
20160213153054Bh.jpeg,010403-20160213153054Bh,010402-20160213153054Bh,3,22304,22521,4,8,0.4351347890119741
20111018063134Lh.jpeg,020401-20111018063134Lh,020403-20111018063134Lh,2,24963,14384,15,4,0.4355503666678828
20130303063154Uh.jpeg,010403-20130303063154Uh,010402-20130303063154Uh,3,2854,5684,1,2,0.43568185639818396
20120802090314Th.jpeg,010403-20120802090314Th,010401-20120802090314Th,3,28306,28618,9,17,0.4361329061230668
20110914063134Lh.jpeg,010103-20110914063134Lh,010101-20110914063134Lh,3,16798,17059,18,18,0.4366274875885772
20120913165314Mh.jpeg,010403-20120913165314Mh,010401-20120913165314Mh,3,3798,3024,3,4,0.43681550126368995
20110410141654Bh.jpeg,010401-20110410141654Bh,010402-20110410141654Bh,3,11944,23387,4,4,0.43692044899951193
20120729122634Ch.jpeg,010201-20120729122634Ch,010202-20120729122634Ch,3,30183,23978,10,8,0.43766092426937064
20141016022554Uh.jpeg,010202-20141016022554Uh,010203-20141016022554Uh,3,9394,14285,5,7,0.43822886297376096
20160526011254Uh.jpeg,010103-20160526011254Uh,010102-20160526011254Uh,3,26188,41439,10,8,0.43850506253722454
20110327143554Bh.jpeg,010101-20110327143554Bh,010102-20110327143554Bh,2,9000,11907,7,7,0.4392812887236679
20150626161514Mh.jpeg,010102-20150626161514Mh,010101-20150626161514Mh,2,13171,14269,3,6,0.43958868894601544
20131016185334Ch.jpeg,010101-20131016185334Ch,010103-20131016185334Ch,3,23261,13381,10,8,0.4411232596554708
20120603123034Ch.jpeg,010102-20120603123034Ch,010103-20120603123034Ch,3,12632,14895,6,5,0.44112873671535524
20141106195854Bh.jpeg,010402-20141106195854Bh,010403-20141106195854Bh,3,25216,20348,13,7,0.442400835733958
20141016022554Uh.jpeg,010201-20141016022554Uh,010203-20141016022554Uh,3,14143,14285,9,7,0.44253311006241436
20110203082634Lh.jpeg,010101-20110203082634Lh,010103-20110203082634Lh,3,4045,2349,5,2,0.44301512074023924
20110517164514Mh.jpeg,050103-20110517164514Mh,050101-20110517164514Mh,3,1570,3292,2,3,0.44358669833729214
20140604195854Bh.jpeg,010103-20140604195854Bh,010102-20140604195854Bh,3,5706,4289,5,2,0.44561758750361585
20170728150230Ch.jpeg,050102-20170728150230Ch,050103-20170728150230Ch,3,7070,6567,5,4,0.4464361476453118
20110429135554Bh.jpeg,050103-20110429135554Bh,050101-20110429135554Bh,3,26909,14987,8,5,0.4470848300635535
20110517164514Mh.jpeg,050102-20110517164514Mh,050101-20110517164514Mh,3,2006,3292,1,3,0.448332422088573
20170827165310Mh.jpeg,050101-20170827165310Mh,050102-20170827165310Mh,3,2733,3498,2,3,0.44839609483960946
20140406195854Bh.jpeg,010402-20140406195854Bh,010403-20140406195854Bh,3,30123,26622,12,12,0.4484633449050439
20141112195854Bh.jpeg,010401-20141112195854Bh,010402-20141112195854Bh,3,14476,26025,12,15,0.4486372415766507
20120715123434Ch.jpeg,050103-20120715123434Ch,050102-20120715123434Ch,3,9924,15649,9,8,0.4503743194192377
20110918112834Ch.jpeg,010101-20110918112834Ch,010102-20110918112834Ch,2,23355,18009,15,15,0.4506049447659127
20111229063154Uh.jpeg,010402-20111229063154Uh,010403-20111229063154Uh,3,7459,7754,9,7,0.4507915315658974
20171029150150Bh.jpeg,010401-20171029150150Bh,010403-20171029150150Bh,3,10153,11134,5,4,0.4508587786259542
20120131063154Uh.jpeg,010402-20120131063154Uh,010403-20120131063154Uh,3,5402,6443,2,3,0.4523050514958313
20160229151254Bh.jpeg,010402-20160229151254Bh,010403-20160229151254Bh,3,16769,12946,8,6,0.45234604105571846
20171123222130Lh.jpeg,050102-20171123222130Lh,050101-20171123222130Lh,3,36714,20854,4,7,0.45241699465132706
20141112195854Bh.jpeg,010403-20141112195854Bh,010402-20141112195854Bh,3,14420,26025,12,15,0.45287017745527697
20121129063154Uh.jpeg,010403-20121129063154Uh,010401-20121129063154Uh,3,4864,8241,3,3,0.45288248337028825
20160810234034Lh.jpeg,010402-20160810234034Lh,010403-20160810234034Lh,3,23570,15783,7,8,0.4530517298674445
20180825205030Ch.jpeg,010103-20180825205030Ch,010101-20180825205030Ch,3,5594,8924,2,3,0.4539809714571858
20120917142654Bh.jpeg,010201-20120917142654Bh,010203-20120917142654Bh,3,6311,12073,3,3,0.4544303797468354
20110215083814Th.jpeg,010401-20110215083814Th,010402-20110215083814Th,3,5790,11664,5,4,0.4545
20110923165814Mh.jpeg,010403-20110923165814Mh,010401-20110923165814Mh,3,6234,6597,5,7,0.4550918575640735
20130221063134Lh.jpeg,010403-20130221063134Lh,010401-20130221063134Lh,3,4679,3578,4,2,0.4554909219108056
20140216230134Lh.jpeg,010403-20140216230134Lh,010401-20140216230134Lh,3,18995,18686,9,16,0.4556517036235803
20121027165114Mh.jpeg,050101-20121027165114Mh,050102-20121027165114Mh,3,30191,33187,4,6,0.4571330037935395
20120715123434Ch.jpeg,050103-20120715123434Ch,050101-20120715123434Ch,3,9924,13173,9,8,0.457683811928053
20120610175114Mh.jpeg,010402-20120610175114Mh,010401-20120610175114Mh,3,21167,19367,18,10,0.45779536054666425
20150113105034Ch.jpeg,050103-20150113105034Ch,050102-20150113105034Ch,3,23054,41451,14,15,0.4584652256489102
20170728150230Ch.jpeg,050103-20170728150230Ch,050101-20170728150230Ch,3,6567,5533,4,5,0.45853423336547733
20180825205030Ch.jpeg,010101-20180825205030Ch,010102-20180825205030Ch,3,8924,14316,3,2,0.4590657960823707
20120131063154Uh.jpeg,010401-20120131063154Uh,010403-20120131063154Uh,3,5278,6443,2,3,0.45946955547254387
20140216230134Lh.jpeg,010403-20140216230134Lh,010402-20140216230134Lh,3,18995,26664,9,14,0.46043372569089047
20170502233130Lh.jpeg,010203-20170502233130Lh,010202-20170502233130Lh,3,1815,3121,1,2,0.46208530805687204
20131229112414Th.jpeg,050102-20131229112414Th,050103-20131229112414Th,3,13150,8729,8,10,0.46357615894039733
20131225065154Uh.jpeg,050101-20131225065154Uh,050102-20131225065154Uh,3,12050,12507,8,6,0.46407917486436534
20111027145954Bh.jpeg,010102-20111027145954Bh,010101-20111027145954Bh,3,20590,11687,5,4,0.4642743728167672
20150819082014Th.jpeg,010203-20150819082014Th,010202-20150819082014Th,3,1592,889,1,1,0.46458087367178275
20171101133730Ch.jpeg,010102-20171101133730Ch,010103-20171101133730Ch,3,2760,1851,1,2,0.4647395171537484
20170418013450Uh.jpeg,010102-20170418013450Uh,010103-20170418013450Uh,3,4854,2538,2,1,0.464922711058264
20210223222830Ch.jpeg,010401-20210223222830Ch,010403-20210223222830Ch,3,5057,6319,2,3,0.4652241112828439
20140205180154Bh.jpeg,010401-20140205180154Bh,010402-20140205180154Bh,3,17263,22888,13,17,0.4653114849822999
20130305112734Ch.jpeg,050103-20130305112734Ch,050102-20130305112734Ch,3,9983,9884,8,9,0.46684878913171884
20130319144654Bh.jpeg,010403-20130319144654Bh,010401-20130319144654Bh,3,7020,10665,4,6,0.46714783474365357
20120610175114Mh.jpeg,010402-20120610175114Mh,010403-20120610175114Mh,3,21167,21661,18,11,0.46806979055976417
20110306082634Lh.jpeg,010403-20110306082634Lh,010402-20110306082634Lh,3,10923,14208,6,7,0.46930542563143124
20201227202710Mh.jpeg,010402-20201227202710Mh,010403-20201227202710Mh,3,3333,2595,4,4,0.47023809523809523
20120603123034Ch.jpeg,010101-20120603123034Ch,010102-20120603123034Ch,3,10858,12632,5,6,0.47097501408979897
20110727063234Lh.jpeg,050103-20110727063234Lh,050101-20110727063234Lh,3,8683,6335,4,5,0.4711990595611285
20150112081954Uh.jpeg,010101-20150112081954Uh,010103-20150112081954Uh,3,33767,26650,16,8,0.4718263538697654
20150325015554Uh.jpeg,010401-20150325015554Uh,010402-20150325015554Uh,3,26161,44873,11,11,0.4725429631625863
20120814163114Mh.jpeg,020401-20120814163114Mh,020403-20120814163114Mh,2,5000,4232,3,4,0.4728781110402042
20140414195834Ch.jpeg,050103-20140414195834Ch,050102-20140414195834Ch,3,29301,33769,14,10,0.47304745889387145
20130305112734Ch.jpeg,050101-20130305112734Ch,050102-20130305112734Ch,3,10147,9884,7,9,0.47340934166973153
20140216230134Lh.jpeg,010402-20140216230134Lh,010401-20140216230134Lh,3,26664,18686,14,16,0.4736465847793592
20140406195854Bh.jpeg,010402-20140406195854Bh,010401-20140406195854Bh,3,30123,25854,12,16,0.47404871626069783
20180926014350Uh.jpeg,010303-20180926014350Uh,010302-20180926014350Uh,2,793,1072,1,1,0.4743083003952569
20160606163514Mh.jpeg,010101-20160606163514Mh,010102-20160606163514Mh,2,18039,20843,10,5,0.4744226612566835
20121113103634Ch.jpeg,010402-20121113103634Ch,010401-20121113103634Ch,3,11722,11184,8,10,0.4745719067851165
20120802090314Th.jpeg,010402-20120802090314Th,010403-20120802090314Th,3,39431,28306,17,9,0.47520526166779187
20130719140154Bh.jpeg,050102-20130719140154Bh,050101-20130719140154Bh,3,21755,23147,13,10,0.47582580115036976
20140513012554Uh.jpeg,010101-20140513012554Uh,010102-20140513012554Uh,2,21934,14737,16,12,0.47664492228396554
20140813064254Uh.jpeg,010101-20140813064254Uh,010102-20140813064254Uh,2,24932,19763,9,8,0.4772764832259131
20131007075314Th.jpeg,010403-20131007075314Th,010402-20131007075314Th,3,21504,23651,7,10,0.4777785050399267
20140218230234Lh.jpeg,040303-20140218230234Lh,040301-20140218230234Lh,2,24646,25950,9,6,0.4782049783802735
20111218085014Th.jpeg,050103-20111218085014Th,050102-20111218085014Th,3,33265,42104,14,12,0.47857731392474595
20141105195814Mh.jpeg,020403-20141105195814Mh,020401-20141105195814Mh,2,22254,12114,9,7,0.47940252249149845
20120519070814Th.jpeg,010403-20120519070814Th,010402-20120519070814Th,3,24581,28380,14,20,0.4827122819787788
20210331231510Mh.jpeg,040302-20210331231510Mh,040301-20210331231510Mh,2,3429,6191,1,1,0.4831945729263028
20130719140154Bh.jpeg,050103-20130719140154Bh,050102-20130719140154Bh,3,16940,21755,7,13,0.4834764606655421
20121218063534Lh.jpeg,010403-20121218063534Lh,010401-20121218063534Lh,3,11792,9277,6,7,0.4839414001972109
20131109222434Lh.jpeg,010102-20131109222434Lh,010101-20131109222434Lh,2,19592,28760,11,15,0.4841917858677635
20111222063154Uh.jpeg,010402-20111222063154Uh,010403-20111222063154Uh,3,34652,26767,11,8,0.484411252900232
20141216222634Lh.jpeg,050103-20141216222634Lh,050101-20141216222634Lh,3,29761,38659,10,10,0.4851313219014543
20160315133714Th.jpeg,010301-20160315133714Th,010302-20160315133714Th,2,4938,9070,4,4,0.4851569126378287
20160215133734Ch.jpeg,010403-20160215133734Ch,010401-20160215133734Ch,3,5263,6800,6,7,0.4852253139620783
20160714235434Lh.jpeg,010101-20160714235434Lh,010102-20160714235434Lh,2,18892,12705,9,10,0.48558935539987774
20201227202710Mh.jpeg,010402-20201227202710Mh,010401-20201227202710Mh,3,3333,2468,4,4,0.4859118852459016
20150308081954Uh.jpeg,010402-20150308081954Uh,010403-20150308081954Uh,3,25337,15405,5,8,0.48688004087442066
20150825082034Lh.jpeg,010403-20150825082034Lh,010402-20150825082034Lh,3,25377,40581,8,9,0.4871817997339406
20120729122634Ch.jpeg,010202-20120729122634Ch,010203-20120729122634Ch,3,23978,32799,8,8,0.48798385617317924
20141016195834Ch.jpeg,010402-20141016195834Ch,010403-20141016195834Ch,3,17595,14137,13,11,0.4881583266894902
20161224024154Uh.jpeg,010102-20161224024154Uh,010103-20161224024154Uh,3,4447,3783,4,5,0.488245931283906
20161205133714Th.jpeg,010403-20161205133714Th,010402-20161205133714Th,3,4070,6447,2,3,0.4886058032554848
20150706083014Th.jpeg,020401-20150706083014Th,020403-20150706083014Th,2,41251,42357,19,16,0.4900730707538763
20140312081114Th.jpeg,010102-20140312081114Th,010101-20140312081114Th,2,24135,26517,7,17,0.49108036502796587
20130517063134Lh.jpeg,010403-20130517063134Lh,010401-20130517063134Lh,3,8718,9932,8,7,0.49140343862455016
20130319144654Bh.jpeg,010402-20130319144654Bh,010401-20130319144654Bh,3,13445,10665,8,6,0.4925095951467129
20121113103634Ch.jpeg,010403-20121113103634Ch,010401-20121113103634Ch,3,10133,11184,6,10,0.493414599971977
20160526011254Uh.jpeg,010103-20160526011254Uh,010101-20160526011254Uh,3,26188,17184,10,8,0.49398918397575003
20141004075414Th.jpeg,010202-20141004075414Th,010203-20141004075414Th,2,22979,33754,9,14,0.49427134090130903
20110510063134Lh.jpeg,020403-20110510063134Lh,020401-20110510063134Lh,2,9124,5175,8,7,0.4943045250287386
20141106195854Bh.jpeg,010401-20141106195854Bh,010403-20141106195854Bh,3,15665,20348,7,7,0.4953080883574157
20150731082034Lh.jpeg,050102-20150731082034Lh,050101-20150731082034Lh,3,39075,22500,10,10,0.49544626593806923
20150716162114Mh.jpeg,010203-20150716162114Mh,010202-20150716162114Mh,2,49439,33158,8,5,0.49615983769880084
20170827165310Mh.jpeg,050103-20170827165310Mh,050101-20170827165310Mh,3,3471,2733,2,2,0.4971042471042471
20170103030554Uh.jpeg,010102-20170103030554Uh,010101-20170103030554Uh,3,2505,2624,3,4,0.4975182481751825
20150113105034Ch.jpeg,050101-20150113105034Ch,050102-20150113105034Ch,3,28996,41451,14,15,0.497884374136208
20140413195914Mh.jpeg,010401-20140413195914Mh,010403-20140413195914Mh,2,32181,31403,11,10,0.4980680425973047
20150228082414Th.jpeg,010402-20150228082414Th,010401-20150228082414Th,3,33141,30437,7,10,0.49820906777264584
20120910074014Th.jpeg,010202-20120910074014Th,010201-20120910074014Th,3,6675,8226,5,9,0.49834087481146305
20121027165114Mh.jpeg,050101-20121027165114Mh,050103-20121027165114Mh,3,30191,26502,4,5,0.49846698736586137
20131101222734Lh.jpeg,020403-20131101222734Lh,020401-20131101222734Lh,2,16664,14715,9,7,0.4986627185022447
20160310133734Ch.jpeg,050102-20160310133734Ch,050103-20160310133734Ch,3,49876,29803,7,9,0.49885252069224983
20140710083214Th.jpeg,050103-20140710083214Th,050101-20140710083214Th,3,25396,17118,16,12,0.49892465536085745
20130719140154Bh.jpeg,050103-20130719140154Bh,050101-20130719140154Bh,3,16940,23147,7,10,0.4993080749523133
20150325015554Uh.jpeg,010401-20150325015554Uh,010403-20150325015554Uh,3,26161,34163,11,5,0.49985082048731977
20130903141654Bh.jpeg,010202-20130903141654Bh,010203-20130903141654Bh,2,18194,29272,8,12,0.49995259914678464
20140321195814Mh.jpeg,010101-20140321195814Mh,010102-20140321195814Mh,2,37637,31040,18,13,0.5003167667941015
20141016022554Uh.jpeg,010201-20141016022554Uh,010202-20141016022554Uh,3,14143,9394,9,5,0.5004143558360425
20170827165310Mh.jpeg,050103-20170827165310Mh,050102-20170827165310Mh,3,3471,3498,2,3,0.5016160310277957
20170117175014Mh.jpeg,050101-20170117175014Mh,050102-20170117175014Mh,3,4150,6438,3,4,0.5016309743298822
20150125172714Mh.jpeg,010403-20150125172714Mh,010402-20150125172714Mh,3,6750,11518,3,5,0.5023026315789474
20220721185332Bh.jpeg,010401-20220721185332Bh,010402-20220721185332Bh,3,23021,20601,17,12,0.5025489115458804
20160225173314Mh.jpeg,010403-20160225173314Mh,010401-20160225173314Mh,3,5530,5055,3,5,0.5029106914667045
20150427162314Mh.jpeg,010403-20150427162314Mh,010401-20150427162314Mh,3,23622,31909,8,9,0.5030721342536203
20150806082034Lh.jpeg,010101-20150806082034Lh,010102-20150806082034Lh,2,30136,36467,10,11,0.5035216036841392
20110128174814Mh.jpeg,010402-20110128174814Mh,010401-20110128174814Mh,3,5646,6394,3,3,0.503684276258274
20131027025654Uh.jpeg,010402-20131027025654Uh,010401-20131027025654Uh,3,25991,17399,5,6,0.5051861102438686
20111222063154Uh.jpeg,010402-20111222063154Uh,010401-20111222063154Uh,3,34652,26014,11,10,0.5058455581204855
20161129022454Uh.jpeg,010102-20161129022454Uh,010101-20161129022454Uh,2,18389,26154,10,10,0.5064087388819372
20150427162314Mh.jpeg,010403-20150427162314Mh,010402-20150427162314Mh,3,23622,37491,8,10,0.5069165331031932
20130630070714Th.jpeg,050103-20130630070714Th,050101-20130630070714Th,3,8039,7197,6,5,0.5070227497527201
20141013195834Ch.jpeg,020403-20141013195834Ch,020401-20141013195834Ch,2,18025,14072,11,7,0.5081759233154779
20150308081954Uh.jpeg,010401-20150308081954Uh,010403-20150308081954Uh,3,21058,15405,8,8,0.5082313037723362
20141214201834Ch.jpeg,050101-20141214201834Ch,050103-20141214201834Ch,3,22806,35174,10,12,0.5082854244166385
20150625082034Lh.jpeg,010401-20150625082034Lh,010403-20150625082034Lh,3,10466,11532,4,4,0.5086756738220972
20120816072814Th.jpeg,050101-20120816072814Th,050103-20120816072814Th,3,11923,16992,6,5,0.5089760985283374
20160310133734Ch.jpeg,050102-20160310133734Ch,050101-20160310133734Ch,3,49876,28926,7,8,0.5095879389283731
20220622205632Bh.jpeg,050103-20220622205632Bh,050101-20220622205632Bh,3,15734,14502,8,7,0.5097618215409198
20170609133710Th.jpeg,050103-20170609133710Th,050101-20170609133710Th,3,7724,5812,2,1,0.5100401606425703
20111222063154Uh.jpeg,010403-20111222063154Uh,010401-20111222063154Uh,3,26767,26014,8,10,0.5102291911070417
20120720085114Th.jpeg,050102-20120720085114Th,050103-20120720085114Th,3,11702,7519,6,6,0.5103724658180103
20130923060834Lh.jpeg,020403-20130923060834Lh,020401-20130923060834Lh,2,27339,35118,5,9,0.5117635668296461
20161110151454Bh.jpeg,010203-20161110151454Bh,010202-20161110151454Bh,2,2853,1729,3,1,0.5122112211221123
20160401170314Mh.jpeg,010101-20160401170314Mh,010102-20160401170314Mh,3,15854,16154,6,4,0.5125939227824772
20141214201834Ch.jpeg,050102-20141214201834Ch,050101-20141214201834Ch,3,34634,22806,11,10,0.5126935636784999
20141216222634Lh.jpeg,050102-20141216222634Lh,050103-20141216222634Lh,3,42141,29761,13,10,0.5130892255892255
20171011170310Mh.jpeg,010102-20171011170310Mh,010103-20171011170310Mh,3,1036,615,1,1,0.5132905591200734
20160226173214Mh.jpeg,010101-20160226173214Mh,010102-20160226173214Mh,2,11534,15033,6,7,0.514220575662582
20140205180154Bh.jpeg,010403-20140205180154Bh,010401-20140205180154Bh,3,16045,17263,11,13,0.5165505623093384
20170927143450Bh.jpeg,010403-20170927143450Bh,010402-20170927143450Bh,3,1935,3517,1,3,0.5169727323316639
20131011195414Mh.jpeg,010401-20131011195414Mh,010403-20131011195414Mh,3,9575,6857,5,4,0.517406962785114
20170609133710Th.jpeg,050102-20170609133710Th,050103-20170609133710Th,3,6053,7724,1,2,0.5174578698094504
20131229112414Th.jpeg,050101-20131229112414Th,050103-20131229112414Th,3,6637,8729,9,10,0.5176296296296297
20130517063134Lh.jpeg,010403-20130517063134Lh,010402-20130517063134Lh,3,8718,10902,8,10,0.5179883945841393
20120104063134Lh.jpeg,010401-20120104063134Lh,010403-20120104063134Lh,2,25431,21388,11,9,0.5193081516095535
20110803164914Mh.jpeg,010401-20110803164914Mh,010403-20110803164914Mh,3,6412,9740,8,11,0.5193302605587433
20120917142654Bh.jpeg,010203-20120917142654Bh,010202-20120917142654Bh,3,12073,7751,3,2,0.5195462210639277
20141210201814Mh.jpeg,010102-20141210201814Mh,010101-20141210201814Mh,2,21480,17922,10,9,0.5198457087753134
20160617133654Bh.jpeg,050102-20160617133654Bh,050101-20160617133654Bh,3,14624,9135,7,5,0.5218421726876762
20150531082034Lh.jpeg,010102-20150531082034Lh,010101-20150531082034Lh,2,15331,16913,9,10,0.5218766224571671
20151117172314Mh.jpeg,010103-20151117172314Mh,010101-20151117172314Mh,3,14460,16626,10,6,0.5225547338002645
20140807195854Bh.jpeg,040302-20140807195854Bh,040301-20140807195854Bh,2,25712,15915,20,11,0.5226790547955227
20160628152654Bh.jpeg,020403-20160628152654Bh,020401-20160628152654Bh,2,21807,26997,6,4,0.5230308326051679
20120205172414Mh.jpeg,010402-20120205172414Mh,010401-20120205172414Mh,3,24406,23342,3,5,0.5233051523368958
20111116063134Lh.jpeg,050103-20111116063134Lh,050102-20111116063134Lh,3,29875,45522,11,11,0.5252053242707448
20120802090314Th.jpeg,010402-20120802090314Th,010401-20120802090314Th,3,39431,28618,17,17,0.5254545046963617
20180306081810Th.jpeg,010402-20180306081810Th,010403-20180306081810Th,3,5696,7436,2,3,0.5255576208178439
20131225065154Uh.jpeg,050103-20131225065154Uh,050102-20131225065154Uh,3,8712,12507,6,6,0.5262173631590304
20130305112734Ch.jpeg,050103-20130305112734Ch,050101-20130305112734Ch,3,9983,10147,8,7,0.5274300022763487
20210223222830Ch.jpeg,010402-20210223222830Ch,010403-20210223222830Ch,3,6688,6319,5,3,0.5275396359365825
20110220082634Lh.jpeg,010102-20110220082634Lh,010101-20110220082634Lh,2,5677,3751,5,2,0.5280388978930308
20140406195854Bh.jpeg,010403-20140406195854Bh,010401-20140406195854Bh,3,26622,25854,12,16,0.5284420237089681
20141012015654Uh.jpeg,010202-20141012015654Uh,010201-20141012015654Uh,3,20797,21540,6,13,0.5285771022132361
20130813060834Lh.jpeg,010402-20130813060834Lh,010401-20130813060834Lh,3,40036,24529,10,8,0.5294326661139406
20220122085210Th.jpeg,020403-20220122085210Th,020401-20220122085210Th,2,10931,12801,2,3,0.5308992388078958
20120330063134Lh.jpeg,010102-20120330063134Lh,010101-20120330063134Lh,2,14390,13045,13,10,0.5313127930341595
20110429135554Bh.jpeg,050102-20110429135554Bh,050101-20110429135554Bh,3,23702,14987,6,5,0.5319342704414968
20120910074014Th.jpeg,010203-20120910074014Th,010202-20120910074014Th,3,9484,6675,7,5,0.532530349013657
20141006224634Lh.jpeg,010403-20141006224634Lh,010402-20141006224634Lh,3,18170,24138,8,9,0.5326209020105054
20150421140454Bh.jpeg,050101-20150421140454Bh,050103-20150421140454Bh,3,29814,38085,15,16,0.5335742518351214
20130925143254Bh.jpeg,010402-20130925143254Bh,010401-20130925143254Bh,3,35962,28945,16,11,0.5339730106586629
20130303063154Uh.jpeg,010403-20130303063154Uh,010401-20130303063154Uh,3,2854,2684,1,1,0.5344970906068163
20171029150150Bh.jpeg,010403-20171029150150Bh,010402-20171029150150Bh,3,11134,15603,4,6,0.5363443084525656
20171123222130Lh.jpeg,050102-20171123222130Lh,050103-20171123222130Lh,3,36714,23315,4,7,0.5370375112021508
20150112081954Uh.jpeg,010103-20150112081954Uh,010102-20150112081954Uh,3,26650,40957,8,7,0.5373962478681069
20170117175014Mh.jpeg,050101-20170117175014Mh,050103-20170117175014Mh,3,4150,4665,3,4,0.5381259815041005
20151122172614Mh.jpeg,010102-20151122172614Mh,010103-20151122172614Mh,3,19257,12048,9,8,0.5382536484693626
20150825082034Lh.jpeg,010401-20150825082034Lh,010402-20150825082034Lh,3,28600,40581,9,9,0.5388944500055611
20150216171714Mh.jpeg,050101-20150216171714Mh,050102-20150216171714Mh,3,23585,24836,8,7,0.5391779776852411
20121027165114Mh.jpeg,050103-20121027165114Mh,050102-20121027165114Mh,3,26502,33187,5,6,0.5392093658939117
20110826074214Th.jpeg,050103-20110826074214Th,050101-20110826074214Th,3,11370,10961,8,8,0.539431959189301
20171027223030Lh.jpeg,010102-20171027223030Lh,010101-20171027223030Lh,2,21560,17797,9,9,0.5396080272268513
20141027224834Lh.jpeg,010102-20141027224834Lh,010101-20141027224834Lh,2,56239,35687,11,10,0.5421496753845896
20111116063134Lh.jpeg,050102-20111116063134Lh,050101-20111116063134Lh,3,45522,28884,11,11,0.5427007526279779
20131027025654Uh.jpeg,010402-20131027025654Uh,010403-20131027025654Uh,3,25991,16950,5,5,0.5430306514786734
20180318020350Uh.jpeg,010101-20180318020350Uh,010103-20180318020350Uh,3,1738,1438,2,1,0.543245869776482
20130811140254Bh.jpeg,010101-20130811140254Bh,010102-20130811140254Bh,2,35722,24331,12,7,0.543501169455368
20200110073230Lh.jpeg,010102-20200110073230Lh,010101-20200110073230Lh,3,2732,3578,1,1,0.544297601566324
20121113103634Ch.jpeg,010402-20121113103634Ch,010403-20121113103634Ch,3,11722,10133,8,6,0.5446321294791151
20141012015654Uh.jpeg,010201-20141012015654Uh,010203-20141012015654Uh,3,21540,21947,13,7,0.5446666429865379
20170728150230Ch.jpeg,050102-20170728150230Ch,050101-20170728150230Ch,3,7070,5533,5,5,0.5454322501532802
20150625082034Lh.jpeg,010402-20150625082034Lh,010401-20150625082034Lh,3,10758,10466,3,4,0.5456995120530187
20130218220314Mh.jpeg,050102-20130218220314Mh,050103-20130218220314Mh,3,12177,7995,2,3,0.546458141674333
20160320133714Th.jpeg,010103-20160320133714Th,010101-20160320133714Th,3,8001,8592,5,7,0.5468444112985923
20150113105034Ch.jpeg,050101-20150113105034Ch,050103-20150113105034Ch,3,28996,23054,14,14,0.5468513180183661
20110826074214Th.jpeg,050102-20110826074214Th,050101-20110826074214Th,3,13649,10961,9,8,0.5474094567404426
20110616133454Bh.jpeg,020401-20110616133454Bh,020403-20110616133454Bh,2,9294,12423,5,5,0.5474561778537836
20140509071314Th.jpeg,010402-20140509071314Th,010403-20140509071314Th,3,6277,6551,5,6,0.5487142339731981
20130221063134Lh.jpeg,010403-20130221063134Lh,010402-20130221063134Lh,3,4679,7525,4,4,0.5501079639273466
20170927143450Bh.jpeg,010402-20170927143450Bh,010401-20170927143450Bh,3,3517,2312,3,1,0.5502659574468085
20120917142654Bh.jpeg,010201-20120917142654Bh,010202-20120917142654Bh,3,6311,7751,3,2,0.5512410369553227
20160928143554Bh.jpeg,050202-20160928143554Bh,050201-20160928143554Bh,2,9733,14027,4,4,0.5513188822146775
20141112195854Bh.jpeg,010403-20141112195854Bh,010401-20141112195854Bh,3,14420,14476,12,12,0.5513797916890368
20180318232230Lh.jpeg,020403-20180318232230Lh,020401-20180318232230Lh,2,2614,2413,1,2,0.5525015441630636
20210817165030Mh.jpeg,010403-20210817165030Mh,010401-20210817165030Mh,3,3359,3309,2,2,0.5528644620400559
20160223173514Mh.jpeg,010203-20160223173514Mh,010202-20160223173514Mh,2,15399,9784,6,5,0.5532597298464196
20120217181154Bh.jpeg,020401-20120217181154Bh,020403-20120217181154Bh,2,23494,25132,10,7,0.554440253180743
20121027063134Lh.jpeg,010301-20121027063134Lh,010302-20121027063134Lh,2,20819,31806,5,8,0.5549744408001654
20120810121634Ch.jpeg,050103-20120810121634Ch,050101-20120810121634Ch,2,16297,15299,7,9,0.5552274069698759
20121114172254Bh.jpeg,020403-20121114172254Bh,020401-20121114172254Bh,2,15734,10742,10,10,0.5558559087970852
20120225172914Mh.jpeg,020401-20120225172914Mh,020403-20120225172914Mh,2,22834,16607,2,2,0.5559807479880069
20110823120334Ch.jpeg,010202-20110823120334Ch,010201-20110823120334Ch,3,6005,6843,4,4,0.5563900666262871
20220622205632Bh.jpeg,050103-20220622205632Bh,050102-20220622205632Bh,3,15734,18507,8,8,0.5572585046388939
20160703133714Th.jpeg,010102-20160703133714Th,010103-20160703133714Th,3,26835,19597,7,7,0.5598481539960358
20150116082034Lh.jpeg,050103-20150116082034Lh,050101-20150116082034Lh,3,21108,24733,7,8,0.5603853223500579
20150518145654Bh.jpeg,010102-20150518145654Bh,010101-20150518145654Bh,2,28589,24987,17,24,0.5633498686898162
20141006224634Lh.jpeg,010403-20141006224634Lh,010401-20141006224634Lh,3,18170,22534,8,9,0.563493892601982
20110517164514Mh.jpeg,050103-20110517164514Mh,050102-20110517164514Mh,3,1570,2006,2,1,0.5643044619422573
20200110073230Lh.jpeg,010102-20200110073230Lh,010103-20200110073230Lh,3,2732,1591,1,1,0.5646036916395223
20211225025850Uh.jpeg,010203-20211225025850Uh,010201-20211225025850Uh,3,4998,3955,1,1,0.5649361999650411
20220328143550Bh.jpeg,050101-20220328143550Bh,050102-20220328143550Bh,3,1467,2427,1,1,0.565112540192926
20141225024354Uh.jpeg,020401-20141225024354Uh,020403-20141225024354Uh,2,12954,14359,12,8,0.5665615141955836
20150228082414Th.jpeg,010402-20150228082414Th,010403-20150228082414Th,3,33141,31054,7,11,0.5666487700117142
20110707074514Th.jpeg,020401-20110707074514Th,020403-20110707074514Th,2,4223,4109,7,5,0.5667544189544942
20120110155754Bh.jpeg,050101-20120110155754Bh,050103-20120110155754Bh,3,31917,42961,4,5,0.5676003852112381
20120205172414Mh.jpeg,010403-20120205172414Mh,010401-20120205172414Mh,3,29412,23342,5,5,0.5676334244621419
20140212024554Uh.jpeg,020403-20140212024554Uh,020401-20140212024554Uh,2,17578,12936,8,7,0.5676342152581557
20140401014754Uh.jpeg,030401-20140401014754Uh,030403-20140401014754Uh,2,17329,16315,11,9,0.5676809095568706
20120318063154Uh.jpeg,020401-20120318063154Uh,020403-20120318063154Uh,2,6158,8651,7,7,0.5680855569673867
20150325015554Uh.jpeg,010402-20150325015554Uh,010403-20150325015554Uh,3,44873,34163,11,5,0.568890565138853
20190602025430Lh.jpeg,010101-20190602025430Lh,010102-20190602025430Lh,2,2943,2339,1,3,0.5692216280451574
20190611032810Mh.jpeg,010201-20190611032810Mh,010203-20190611032810Mh,3,1681,1574,1,1,0.5694310511089682
20130407063154Uh.jpeg,030401-20130407063154Uh,030403-20130407063154Uh,2,12305,13328,7,9,0.5717088724017414
20141129222134Lh.jpeg,010101-20141129222134Lh,010102-20141129222134Lh,2,24754,23548,13,10,0.5721771962373466
20130925143254Bh.jpeg,010402-20130925143254Bh,010403-20130925143254Bh,3,35962,31962,16,7,0.5750857990909934
20140127180134Ch.jpeg,010102-20140127180134Ch,010101-20140127180134Ch,2,24709,26168,15,16,0.5754807543430465
20111116063134Lh.jpeg,050103-20111116063134Lh,050101-20111116063134Lh,3,29875,28884,11,11,0.5766609423634217
20120910074014Th.jpeg,010203-20120910074014Th,010201-20120910074014Th,3,9484,8226,7,9,0.5781500623774728
20130218220314Mh.jpeg,050102-20130218220314Mh,050101-20130218220314Mh,3,12177,10304,2,4,0.5788327832010675
20160703133714Th.jpeg,010102-20160703133714Th,010101-20160703133714Th,3,26835,19071,7,8,0.5793710864928094
20190412025430Lh.jpeg,010403-20190412025430Lh,010402-20190412025430Lh,3,1479,1046,1,1,0.5810895428929242
20120331142954Bh.jpeg,020403-20120331142954Bh,020401-20120331142954Bh,2,17276,16173,6,5,0.5818121630568429
20130314165714Mh.jpeg,020401-20130314165714Mh,020403-20130314165714Mh,2,19466,24907,7,7,0.5818687390823857
20130903060834Lh.jpeg,010102-20130903060834Lh,010101-20130903060834Lh,2,22538,18260,6,7,0.5820536683728866
20181101230010Mh.jpeg,050103-20181101230010Mh,050101-20181101230010Mh,2,815,630,2,2,0.5826944140197152
20130813060834Lh.jpeg,010402-20130813060834Lh,010403-20130813060834Lh,3,40036,26092,10,6,0.5828805323503363
20180112130330Ch.jpeg,010202-20180112130330Ch,010203-20180112130330Ch,2,2813,2970,2,2,0.5865569272976681
20141214201834Ch.jpeg,050102-20141214201834Ch,050103-20141214201834Ch,3,34634,35174,11,12,0.5865815132162094
20120113104834Ch.jpeg,050302-20120113104834Ch,050303-20120113104834Ch,2,21394,22355,10,13,0.5872365127163226
20150614162514Mh.jpeg,010403-20150614162514Mh,010402-20150614162514Mh,3,68850,61703,10,10,0.5880621343161941
20150427162314Mh.jpeg,010402-20150427162314Mh,010401-20150427162314Mh,3,37491,31909,10,9,0.5899926686217009
20190412025430Lh.jpeg,010401-20190412025430Lh,010402-20190412025430Lh,3,1045,1046,1,1,0.5901140684410646
20190412025430Lh.jpeg,010403-20190412025430Lh,010401-20190412025430Lh,3,1479,1045,1,1,0.5904221802142408
20120424072414Th.jpeg,010402-20120424072414Th,010403-20120424072414Th,3,24323,24331,10,6,0.5916124178088914
20120715123434Ch.jpeg,050101-20120715123434Ch,050102-20120715123434Ch,3,13173,15649,8,8,0.5922877189105574
20171022170710Mh.jpeg,020403-20171022170710Mh,020401-20171022170710Mh,2,10853,9152,4,6,0.5927547770700637
20190626025430Lh.jpeg,010102-20190626025430Lh,010101-20190626025430Lh,3,1960,1539,2,2,0.5940774487471526
20211225025850Uh.jpeg,010201-20211225025850Uh,010202-20211225025850Uh,3,3955,4988,1,1,0.5958244111349036
20110429135554Bh.jpeg,050102-20110429135554Bh,050103-20110429135554Bh,3,23702,26909,6,8,0.5967126226456763
20150216171714Mh.jpeg,050101-20150216171714Mh,050103-20150216171714Mh,3,23585,21843,8,8,0.5968223839150761
20150927111834Ch.jpeg,010103-20150927111834Ch,010101-20150927111834Ch,3,27235,22633,14,14,0.5969002177532983
20171025223130Lh.jpeg,020403-20171025223130Lh,020401-20171025223130Lh,2,10127,12109,4,6,0.598102630444157
20140210180154Bh.jpeg,050101-20140210180154Bh,050102-20140210180154Bh,3,28085,35662,12,12,0.5992323323549333
20140210180154Bh.jpeg,050101-20140210180154Bh,050103-20140210180154Bh,3,28085,28151,12,15,0.5994311717861206
20120816072814Th.jpeg,050102-20120816072814Th,050101-20120816072814Th,3,14897,11923,5,6,0.5995705850778315
20150927111834Ch.jpeg,010101-20150927111834Ch,010102-20150927111834Ch,3,22633,31804,14,13,0.5996767558037026
20150610082014Th.jpeg,020403-20150610082014Th,020401-20150610082014Th,2,22248,19696,12,12,0.6006105705018127
20130218220314Mh.jpeg,050103-20130218220314Mh,050101-20130218220314Mh,3,7995,10304,3,4,0.6011024586578003
20190926165810Mh.jpeg,050303-20190926165810Mh,050302-20190926165810Mh,2,449,278,1,1,0.6013215859030837
20150330081954Uh.jpeg,020103-20150330081954Uh,020101-20150330081954Uh,2,21217,18416,7,10,0.6015921765133759
20120205172414Mh.jpeg,010402-20120205172414Mh,010403-20120205172414Mh,3,24406,29412,3,5,0.6016785214725752
20150421140454Bh.jpeg,050103-20150421140454Bh,050102-20150421140454Bh,3,38085,31044,16,16,0.6047402386368912
20111112193254Bh.jpeg,020403-20111112193254Bh,020401-20111112193254Bh,2,25709,25132,10,11,0.6049815323420779
20150614162514Mh.jpeg,010403-20150614162514Mh,010401-20150614162514Mh,3,68850,60531,10,9,0.6053627486258112
20131027025654Uh.jpeg,010401-20131027025654Uh,010403-20131027025654Uh,3,17399,16950,6,5,0.6071963316488864
20220622205632Bh.jpeg,050102-20220622205632Bh,050101-20220622205632Bh,3,18507,14502,8,7,0.6111382272549786
20150116082034Lh.jpeg,050102-20150116082034Lh,050101-20150116082034Lh,3,25951,24733,8,8,0.611266531027467
20220328143550Bh.jpeg,050103-20220328143550Bh,050101-20220328143550Bh,3,2214,1467,1,1,0.611646234676007
20180318020350Uh.jpeg,010102-20180318020350Uh,010103-20180318020350Uh,3,2258,1438,1,1,0.612565445026178
20120816072814Th.jpeg,050102-20120816072814Th,050103-20120816072814Th,3,14897,16992,5,5,0.6135708141476497
20120811121434Ch.jpeg,050102-20120811121434Ch,050101-20120811121434Ch,3,16537,13173,7,6,0.614586163795446
20140225163314Th.jpeg,010202-20140225163314Th,010201-20140225163314Th,2,10698,11682,10,12,0.6146021210590866
20130807073114Th.jpeg,010203-20130807073114Th,010202-20130807073114Th,2,15549,14508,6,6,0.6161415205936123
20110826074214Th.jpeg,050102-20110826074214Th,050103-20110826074214Th,3,13649,11370,9,8,0.6165277508561091
20160320133714Th.jpeg,010102-20160320133714Th,010101-20160320133714Th,3,8642,8592,6,7,0.6168496106576602
20110815140454Bh.jpeg,020401-20110815140454Bh,020403-20110815140454Bh,2,23780,21375,8,7,0.6178209308158074
20140112180134Ch.jpeg,010103-20140112180134Ch,010102-20140112180134Ch,2,27125,30164,16,18,0.6192939314282484
20130925143254Bh.jpeg,010403-20130925143254Bh,010401-20130925143254Bh,3,31962,28945,7,11,0.6202979515828678
20160101133714Th.jpeg,050101-20160101133714Th,050103-20160101133714Th,3,5640,3939,2,2,0.6205379800372187
20211231223430Lh.jpeg,030401-20211231223430Lh,030403-20211231223430Lh,2,3397,4069,3,3,0.6219856615250924
20130630070714Th.jpeg,050102-20130630070714Th,050103-20130630070714Th,3,7386,8039,5,6,0.6230008417508418
20150216171714Mh.jpeg,050103-20150216171714Mh,050102-20150216171714Mh,3,21843,24836,8,7,0.6248607630186578
20131206084114Th.jpeg,020403-20131206084114Th,020401-20131206084114Th,2,13424,12639,7,7,0.6256861277445109
20131025185414Mh.jpeg,010101-20131025185414Mh,010102-20131025185414Mh,2,49582,55933,23,19,0.626385313747553
20141012015654Uh.jpeg,010202-20141012015654Uh,010203-20141012015654Uh,3,20797,21947,6,7,0.6271650995469945
20120723095014Th.jpeg,010401-20120723095014Th,010403-20120723095014Th,3,2174,1914,3,3,0.6273885350318471
20170329133730Ch.jpeg,010202-20170329133730Ch,010203-20170329133730Ch,2,7979,10324,2,2,0.6279462776838922
20140210180154Bh.jpeg,050103-20140210180154Bh,050102-20140210180154Bh,3,28151,35662,15,12,0.6282980352130646
20160101133714Th.jpeg,050102-20160101133714Th,050103-20160101133714Th,3,5663,3939,2,2,0.628561736770692
20150927111834Ch.jpeg,010103-20150927111834Ch,010102-20150927111834Ch,3,27235,31804,14,13,0.6291564336764259
20160703133714Th.jpeg,010101-20160703133714Th,010103-20160703133714Th,3,19071,19597,8,7,0.6296358732299393
20170418013450Uh.jpeg,010102-20170418013450Uh,010101-20170418013450Uh,3,4854,4122,2,2,0.6302215764620414
20171106171510Mh.jpeg,020401-20171106171510Mh,020403-20171106171510Mh,2,3954,3635,4,4,0.6320430107526882
20170502233130Lh.jpeg,010201-20170502233130Lh,010203-20170502233130Lh,3,1424,1815,1,1,0.6325604838709677
20141006224634Lh.jpeg,010402-20141006224634Lh,010401-20141006224634Lh,3,24138,22534,9,9,0.633716045925511
20150617161314Mh.jpeg,020403-20150617161314Mh,020401-20150617161314Mh,2,28085,26357,7,7,0.6342568967069913
20150228082414Th.jpeg,010403-20150228082414Th,010401-20150228082414Th,3,31054,30437,11,10,0.6346598612329531
20150614162514Mh.jpeg,010402-20150614162514Mh,010401-20150614162514Mh,3,61703,60531,10,9,0.6362881850552864
20120811121434Ch.jpeg,050102-20120811121434Ch,050103-20120811121434Ch,3,16537,16407,7,6,0.6390049751243781
20171123222130Lh.jpeg,050103-20171123222130Lh,050101-20171123222130Lh,3,23315,20854,7,7,0.63916722333556
20150421140454Bh.jpeg,050101-20150421140454Bh,050102-20150421140454Bh,3,29814,31044,15,16,0.6399795197930421
20111114082314Th.jpeg,050101-20111114082314Th,050102-20111114082314Th,3,30313,32546,12,9,0.6419130707345105
20150116082034Lh.jpeg,050102-20150116082034Lh,050103-20150116082034Lh,3,25951,21108,8,7,0.6447294841325318
20160320133714Th.jpeg,010103-20160320133714Th,010102-20160320133714Th,3,8001,8642,5,6,0.6453781512605042
20131017185334Ch.jpeg,010102-20131017185334Ch,010101-20131017185334Ch,2,33658,38018,11,13,0.6456812233089957
20120811121434Ch.jpeg,050103-20120811121434Ch,050101-20120811121434Ch,3,16407,13173,6,6,0.645710470679871
20170417014150Uh.jpeg,020401-20170417014150Uh,020403-20170417014150Uh,2,2655,2689,2,1,0.6539770968740328
20170117175014Mh.jpeg,050102-20170117175014Mh,050103-20170117175014Mh,3,6438,4665,4,4,0.6566696508504923
20150625082034Lh.jpeg,010402-20150625082034Lh,010403-20150625082034Lh,3,10758,11532,3,4,0.6592228673514962
20160310133734Ch.jpeg,050103-20160310133734Ch,050101-20160310133734Ch,3,29803,28926,9,8,0.6620631102306495
20130828141354Bh.jpeg,040301-20130828141354Bh,040303-20130828141354Bh,2,35530,40433,8,7,0.6633019487628641
20110213093414Th.jpeg,010301-20110213093414Th,010302-20110213093414Th,2,3702,4933,5,5,0.665380906460945
20180805232510Mh.jpeg,010301-20180805232510Mh,010302-20180805232510Mh,2,2517,3740,1,1,0.6680885097307385
20120803102114Th.jpeg,010301-20120803102114Th,010302-20120803102114Th,2,25935,27635,12,13,0.6691593444257493
20150825082034Lh.jpeg,010401-20150825082034Lh,010403-20150825082034Lh,3,28600,25377,9,8,0.6715285519633346
20220328143550Bh.jpeg,050103-20220328143550Bh,050102-20220328143550Bh,3,2214,2427,1,1,0.6724324324324324
20111114082314Th.jpeg,050103-20111114082314Th,050102-20111114082314Th,3,29046,32546,10,9,0.6761552277798945
20170927143450Bh.jpeg,010403-20170927143450Bh,010401-20170927143450Bh,3,1935,2312,1,1,0.6866560762509929
20140806195834Ch.jpeg,020401-20140806195834Ch,020403-20140806195834Ch,2,22392,21123,11,10,0.6868894402232905
20150125172714Mh.jpeg,010401-20150125172714Mh,010403-20150125172714Mh,3,5383,6750,3,3,0.6877173459451941
20120223063154Uh.jpeg,020401-20120223063154Uh,020403-20120223063154Uh,2,18164,17916,8,7,0.6897714499812664
20111114082314Th.jpeg,050101-20111114082314Th,050103-20111114082314Th,3,30313,29046,12,10,0.6917179662562699
20110322005814Mh.jpeg,050101-20110322005814Mh,050103-20110322005814Mh,3,2220,1587,1,1,0.6987951807228916
20130813060834Lh.jpeg,010401-20130813060834Lh,010403-20130813060834Lh,3,24529,26092,8,6,0.6990903903601517
20130219063134Lh.jpeg,020401-20130219063134Lh,020403-20130219063134Lh,2,8168,9511,1,1,0.7063024804555544
20120131063154Uh.jpeg,010401-20120131063154Uh,010402-20120131063154Uh,3,5278,5402,2,2,0.7101681345076061
20150527161214Mh.jpeg,010101-20150527161214Mh,010102-20150527161214Mh,2,56597,61294,5,4,0.7143044104174846
20180804234530Lh.jpeg,010203-20180804234530Lh,010201-20180804234530Lh,3,3466,2521,1,1,0.7159644597305819
20180804234530Lh.jpeg,010201-20180804234530Lh,010202-20180804234530Lh,3,2521,2852,1,1,0.7215636014098046
20160101133714Th.jpeg,050102-20160101133714Th,050101-20160101133714Th,3,5663,5640,2,2,0.7293451652386781
20170609133710Th.jpeg,050102-20170609133710Th,050101-20170609133710Th,3,6053,5812,1,1,0.7316112084063048
20211225025850Uh.jpeg,010203-20211225025850Uh,010202-20211225025850Uh,3,4998,4988,1,1,0.7360917941585535
20110322005814Mh.jpeg,050102-20110322005814Mh,050103-20110322005814Mh,3,2141,1587,1,1,0.7371854613233924
20111214132434Ch.jpeg,030401-20111214132434Ch,030403-20111214132434Ch,2,3338,3832,2,2,0.7424058323207776
20180804234530Lh.jpeg,010203-20180804234530Lh,010202-20180804234530Lh,3,3466,2852,1,1,0.7628348214285714
20110322005814Mh.jpeg,050101-20110322005814Mh,050102-20110322005814Mh,3,2220,2141,1,1,0.803556658395368
