image_id,file_name,annotation_count
020101-20140430071914Th,20140430071914Th.jpeg,26
010101-20150518145654Bh,20150518145654Bh.jpeg,24
010101-20131025185414Mh,20131025185414Mh.jpeg,23
010102-20110914063134Lh,20110914063134Lh.jpeg,22
010402-20120703070814Th,20120703070814Th.jpeg,21
010402-20120519070814Th,20120519070814Th.jpeg,20
040302-20140807195854Bh,20140807195854Bh.jpeg,20
020401-20150706083014Th,20150706083014Th.jpeg,19
030101-20141116222234Lh,20141116222234Lh.jpeg,19
050202-20140128174554Bh,20140128174554Bh.jpeg,19
020101-20121022145554Bh,20121022145554Bh.jpeg,19
010102-20131025185414Mh,20131025185414Mh.jpeg,19
040102-20140802072114Th,20140802072114Th.jpeg,19
010101-20120215153654Bh,20120215153654Bh.jpeg,18
010402-20120610175114Mh,20120610175114Mh.jpeg,18
030101-20150130084914Th,20150130084914Th.jpeg,18
010103-20110914063134Lh,20110914063134Lh.jpeg,18
010101-20140321195814Mh,20140321195814Mh.jpeg,18
050303-20141001195834Ch,20141001195834Ch.jpeg,18
010101-20110914063134Lh,20110914063134Lh.jpeg,18
020101-20120827085114Th,20120827085114Th.jpeg,18
010102-20140112180134Ch,20140112180134Ch.jpeg,18
050303-20121208171514Mh,20121208171514Mh.jpeg,17
030101-20130111104734Ch,20130111104734Ch.jpeg,17
020101-20131116185334Ch,20131116185334Ch.jpeg,17
010401-20120802090314Th,20120802090314Th.jpeg,17
030101-20121118092514Th,20121118092514Th.jpeg,17
010402-20140205180154Bh,20140205180154Bh.jpeg,17
010101-20140312081114Th,20140312081114Th.jpeg,17
030101-20130805135854Bh,20130805135854Bh.jpeg,17
060403-20130411115134Ch,20130411115134Ch.jpeg,17
020101-20140525070514Th,20140525070514Th.jpeg,17
010102-20150518145654Bh,20150518145654Bh.jpeg,17
010401-20220721185332Bh,20220721185332Bh.jpeg,17
010402-20120802090314Th,20120802090314Th.jpeg,17
050202-20120523163014Mh,20120523163014Mh.jpeg,16
010401-20120519070814Th,20120519070814Th.jpeg,16
020403-20150706083014Th,20150706083014Th.jpeg,16
050103-20150421140454Bh,20150421140454Bh.jpeg,16
010402-20150423120034Ch,20150423120034Ch.jpeg,16
010101-20140513012554Uh,20140513012554Uh.jpeg,16
020101-20140908175354Bh,20140908175354Bh.jpeg,16
010401-20140406195854Bh,20140406195854Bh.jpeg,16
050102-20150421140454Bh,20150421140454Bh.jpeg,16
030101-20130725122934Ch,20130725122934Ch.jpeg,16
010101-20150112081954Uh,20150112081954Uh.jpeg,16
010101-20140127180134Ch,20140127180134Ch.jpeg,16
010401-20140216230134Lh,20140216230134Lh.jpeg,16
050103-20140710083214Th,20140710083214Th.jpeg,16
010402-20111009110234Ch,20111009110234Ch.jpeg,16
010103-20140112180134Ch,20140112180134Ch.jpeg,16
030101-20130201084914Th,20130201084914Th.jpeg,16
010402-20130925143254Bh,20130925143254Bh.jpeg,16
010303-20160204133734Ch,20160204133734Ch.jpeg,16
040102-20160129225334Lh,20160129225334Lh.jpeg,16
020401-20111018063134Lh,20111018063134Lh.jpeg,15
010101-20131109222434Lh,20131109222434Lh.jpeg,15
050202-20150621161314Mh,20150621161314Mh.jpeg,15
010402-20141112195854Bh,20141112195854Bh.jpeg,15
010402-20131011195414Mh,20131011195414Mh.jpeg,15
020101-20110526122534Ch,20110526122534Ch.jpeg,15
040301-20111206102934Ch,20111206102934Ch.jpeg,15
060403-20130707134154Bh,20130707134154Bh.jpeg,15
050101-20150421140454Bh,20150421140454Bh.jpeg,15
010102-20110918112834Ch,20110918112834Ch.jpeg,15
040102-20141007224934Lh,20141007224934Lh.jpeg,15
040201-20130611063154Uh,20130611063154Uh.jpeg,15
010401-20150423120034Ch,20150423120034Ch.jpeg,15
050103-20140210180154Bh,20140210180154Bh.jpeg,15
030101-20160411134234Ch,20160411134234Ch.jpeg,15
010101-20110918112834Ch,20110918112834Ch.jpeg,15
050102-20150113105034Ch,20150113105034Ch.jpeg,15
030302-20130609173414Mh,20130609173414Mh.jpeg,15
010102-20140127180134Ch,20140127180134Ch.jpeg,15
030101-20150203084714Th,20150203084714Th.jpeg,15
030101-20130926060834Lh,20130926060834Lh.jpeg,15
040401-20220618185332Bh,20220618185332Bh.jpeg,14
010402-20110803164914Mh,20110803164914Mh.jpeg,14
040301-20111208063134Lh,20111208063134Lh.jpeg,14
040401-20140522070614Th,20140522070614Th.jpeg,14
040102-20111214063134Lh,20111214063134Lh.jpeg,14
050103-20140414195834Ch,20140414195834Ch.jpeg,14
040201-20140420085614Th,20140420085614Th.jpeg,14
050101-20150113105034Ch,20150113105034Ch.jpeg,14
050103-20150113105034Ch,20150113105034Ch.jpeg,14
060403-20150113155654Bh,20150113155654Bh.jpeg,14
040201-20130716162214Mh,20130716162214Mh.jpeg,14
030101-20130615002434Lh,20130615002434Lh.jpeg,14
030101-20140323020654Uh,20140323020654Uh.jpeg,14
040401-20120414115434Ch,20120414115434Ch.jpeg,14
050103-20111218085014Th,20111218085014Th.jpeg,14
030101-20160127225034Lh,20160127225034Lh.jpeg,14
010403-20120519070814Th,20120519070814Th.jpeg,14
010401-20120703070814Th,20120703070814Th.jpeg,14
010101-20151122172614Mh,20151122172614Mh.jpeg,14
010203-20141004075414Th,20141004075414Th.jpeg,14
010103-20150927111834Ch,20150927111834Ch.jpeg,14
010402-20140216230134Lh,20140216230134Lh.jpeg,14
010101-20150927111834Ch,20150927111834Ch.jpeg,14
020101-20130405114734Ch,20130405114734Ch.jpeg,13
060403-20120509163414Mh,20120509163414Mh.jpeg,13
060403-20151116201114Mh,20151116201114Mh.jpeg,13
060102-20150323172814Mh,20150323172814Mh.jpeg,13
010102-20140321195814Mh,20140321195814Mh.jpeg,13
010101-20141129222134Lh,20141129222134Lh.jpeg,13
050102-20130719140154Bh,20130719140154Bh.jpeg,13
020101-20160201025254Uh,20160201025254Uh.jpeg,13
010401-20140205180154Bh,20140205180154Bh.jpeg,13
010101-20131017185334Ch,20131017185334Ch.jpeg,13
030101-20110601063134Lh,20110601063134Lh.jpeg,13
020101-20151212171154Bh,20151212171154Bh.jpeg,13
010402-20141016195834Ch,20141016195834Ch.jpeg,13
060403-20140705035754Uh,20140705035754Uh.jpeg,13
040301-20130913142354Bh,20130913142354Bh.jpeg,13
020101-20130905073714Th,20130905073714Th.jpeg,13
030101-20110923112234Ch,20110923112234Ch.jpeg,13
050102-20141216222634Lh,20141216222634Lh.jpeg,13
060403-20130628063134Lh,20130628063134Lh.jpeg,13
030302-20131030185354Bh,20131030185354Bh.jpeg,13
050303-20120113104834Ch,20120113104834Ch.jpeg,13
030403-20120907141954Bh,20120907141954Bh.jpeg,13
010302-20120803102114Th,20120803102114Th.jpeg,13
040401-20140116180214Mh,20140116180214Mh.jpeg,13
020101-20130609123334Ch,20130609123334Ch.jpeg,13
050202-20120127085214Th,20120127085214Th.jpeg,13
030302-20120103104134Ch,20120103104134Ch.jpeg,13
010201-20141012015654Uh,20141012015654Uh.jpeg,13
010201-20140414020354Uh,20140414020354Uh.jpeg,13
010102-20120330063134Lh,20120330063134Lh.jpeg,13
010402-20141106195854Bh,20141106195854Bh.jpeg,13
010102-20150927111834Ch,20150927111834Ch.jpeg,13
040201-20111019063154Uh,20111019063154Uh.jpeg,13
040401-20130901073614Th,20130901073614Th.jpeg,13
010402-20220721185332Bh,20220721185332Bh.jpeg,12
060403-20150417082314Th,20150417082314Th.jpeg,12
050202-20131013185334Ch,20131013185334Ch.jpeg,12
040401-20120803164614Mh,20120803164614Mh.jpeg,12
030101-20131031185614Mh,20131031185614Mh.jpeg,12
040301-20140609195854Bh,20140609195854Bh.jpeg,12
010403-20140406195854Bh,20140406195854Bh.jpeg,12
010402-20140406195854Bh,20140406195854Bh.jpeg,12
030101-20120313063154Uh,20120313063154Uh.jpeg,12
040301-20120901114934Ch,20120901114934Ch.jpeg,12
050101-20110502063154Uh,20110502063154Uh.jpeg,12
050303-20151209201754Bh,20151209201754Bh.jpeg,12
010403-20141112195854Bh,20141112195854Bh.jpeg,12
010101-20130811140254Bh,20130811140254Bh.jpeg,12
030401-20151224133734Ch,20151224133734Ch.jpeg,12
040401-20151219133734Ch,20151219133734Ch.jpeg,12
030302-20120712123634Ch,20120712123634Ch.jpeg,12
050101-20140710083214Th,20140710083214Th.jpeg,12
060403-20140927014554Uh,20140927014554Uh.jpeg,12
050101-20140210180154Bh,20140210180154Bh.jpeg,12
050101-20111114082314Th,20111114082314Th.jpeg,12
010201-20140225163314Th,20140225163314Th.jpeg,12
010301-20120803102114Th,20120803102114Th.jpeg,12
020401-20141225024354Uh,20141225024354Uh.jpeg,12
010402-20150221155154Bh,20150221155154Bh.jpeg,12
050103-20141214201834Ch,20141214201834Ch.jpeg,12
030101-20150615133554Bh,20150615133554Bh.jpeg,12
010203-20130903141654Bh,20130903141654Bh.jpeg,12
040102-20120116063254Uh,20120116063254Uh.jpeg,12
010202-20140918195854Bh,20140918195854Bh.jpeg,12
010102-20140513012554Uh,20140513012554Uh.jpeg,12
050202-20140908231334Lh,20140908231334Lh.jpeg,12
030101-20141013195854Bh,20141013195854Bh.jpeg,12
020403-20150610082014Th,20150610082014Th.jpeg,12
020401-20150610082014Th,20150610082014Th.jpeg,12
010302-20160204133734Ch,20160204133734Ch.jpeg,12
020101-20220718185352Mh,20220718185352Mh.jpeg,12
050102-20140210180154Bh,20140210180154Bh.jpeg,12
030302-20150302082034Lh,20150302082034Lh.jpeg,12
010401-20141112195854Bh,20141112195854Bh.jpeg,12
050102-20111218085014Th,20111218085014Th.jpeg,12
060403-20141012195854Bh,20141012195854Bh.jpeg,12
040301-20150222112034Ch,20150222112034Ch.jpeg,12
010201-20130717123434Ch,20130717123434Ch.jpeg,12
050202-20121219063154Uh,20121219063154Uh.jpeg,11
050303-20150305081954Uh,20150305081954Uh.jpeg,11
010402-20150325015554Uh,20150325015554Uh.jpeg,11
010401-20150325015554Uh,20150325015554Uh.jpeg,11
010403-20110803164914Mh,20110803164914Mh.jpeg,11
060403-20170125133734Ch,20170125133734Ch.jpeg,11
050202-20150327145114Th,20150327145114Th.jpeg,11
060403-20131207084214Th,20131207084214Th.jpeg,11
050202-20160430133734Ch,20160430133734Ch.jpeg,11
040401-20150314081954Uh,20150314081954Uh.jpeg,11
020403-20141013195834Ch,20141013195834Ch.jpeg,11
030101-20120323144054Bh,20120323144054Bh.jpeg,11
030101-20140816072814Th,20140816072814Th.jpeg,11
010101-20130425135954Bh,20130425135954Bh.jpeg,11
010401-20140413195914Mh,20140413195914Mh.jpeg,11
040102-20130921060834Lh,20130921060834Lh.jpeg,11
030401-20140401014754Uh,20140401014754Uh.jpeg,11
060403-20141225172214Mh,20141225172214Mh.jpeg,11
010203-20220710085152Th,20220710085152Th.jpeg,11
020401-20140806195834Ch,20140806195834Ch.jpeg,11
060403-20110523063154Uh,20110523063154Uh.jpeg,11
010402-20111222063154Uh,20111222063154Uh.jpeg,11
030101-20120403083114Th,20120403083114Th.jpeg,11
010403-20120610175114Mh,20120610175114Mh.jpeg,11
050102-20141214201834Ch,20141214201834Ch.jpeg,11
030101-20150501120634Ch,20150501120634Ch.jpeg,11
010101-20131006075314Th,20131006075314Th.jpeg,11
040401-20160927133734Ch,20160927133734Ch.jpeg,11
010102-20150806082034Lh,20150806082034Lh.jpeg,11
030302-20140921195854Bh,20140921195854Bh.jpeg,11
010401-20120104063134Lh,20120104063134Lh.jpeg,11
010403-20150228082414Th,20150228082414Th.jpeg,11
040301-20140807195854Bh,20140807195854Bh.jpeg,11
060403-20120829063134Lh,20120829063134Lh.jpeg,11
040401-20131115185414Mh,20131115185414Mh.jpeg,11
040201-20140821195834Ch,20140821195834Ch.jpeg,11
020401-20111112193254Bh,20111112193254Bh.jpeg,11
060403-20120814140454Bh,20120814140454Bh.jpeg,11
010102-20131017185334Ch,20131017185334Ch.jpeg,11
050202-20120213063134Lh,20120213063134Lh.jpeg,11
010102-20141027224834Lh,20141027224834Lh.jpeg,11
010402-20121218063534Lh,20121218063534Lh.jpeg,11
010403-20140205180154Bh,20140205180154Bh.jpeg,11
010403-20141016195834Ch,20141016195834Ch.jpeg,11
030101-20130510134654Bh,20130510134654Bh.jpeg,11
030302-20140523195814Mh,20140523195814Mh.jpeg,11
060403-20160925165814Mh,20160925165814Mh.jpeg,11
040102-20150315082034Lh,20150315082034Lh.jpeg,11
010201-20131224192154Bh,20131224192154Bh.jpeg,11
030101-20150719182314Mh,20150719182314Mh.jpeg,11
050102-20130107174854Bh,20130107174854Bh.jpeg,11
010102-20131109222434Lh,20131109222434Lh.jpeg,11
010401-20130925143254Bh,20130925143254Bh.jpeg,11
050101-20111116063134Lh,20111116063134Lh.jpeg,11
050102-20111116063134Lh,20111116063134Lh.jpeg,11
050103-20111116063134Lh,20111116063134Lh.jpeg,11
040201-20120725122934Ch,20120725122934Ch.jpeg,10
010102-20160714235434Lh,20160714235434Lh.jpeg,10
030101-20160831133714Th,20160831133714Th.jpeg,10
020101-20150330081954Uh,20150330081954Uh.jpeg,10
010102-20141129222134Lh,20141129222134Lh.jpeg,10
010202-20140615195854Bh,20140615195854Bh.jpeg,10
020403-20130110104734Ch,20130110104734Ch.jpeg,10
030302-20110530122834Ch,20110530122834Ch.jpeg,10
010402-20130517063134Lh,20130517063134Lh.jpeg,10
060403-20130327175114Mh,20130327175114Mh.jpeg,10
010403-20140413195914Mh,20140413195914Mh.jpeg,10
010302-20131125192154Bh,20131125192154Bh.jpeg,10
020101-20150820152254Bh,20150820152254Bh.jpeg,10
010402-20150614162514Mh,20150614162514Mh.jpeg,10
050101-20141216222634Lh,20141216222634Lh.jpeg,10
050103-20141216222634Lh,20141216222634Lh.jpeg,10
040102-20140607195854Bh,20140607195854Bh.jpeg,10
050102-20140710083214Th,20140710083214Th.jpeg,10
010402-20131107043054Uh,20131107043054Uh.jpeg,10
010401-20131107043054Uh,20131107043054Uh.jpeg,10
010403-20150614162514Mh,20150614162514Mh.jpeg,10
010101-20160606163514Mh,20160606163514Mh.jpeg,10
040102-20121207103034Ch,20121207103034Ch.jpeg,10
010401-20111222063154Uh,20111222063154Uh.jpeg,10
040301-20150222090014Th,20150222090014Th.jpeg,10
060403-20110621063134Lh,20110621063134Lh.jpeg,10
010101-20150806082034Lh,20150806082034Lh.jpeg,10
010401-20120610175114Mh,20120610175114Mh.jpeg,10
050103-20131229112414Th,20131229112414Th.jpeg,10
010401-20150228082414Th,20150228082414Th.jpeg,10
020401-20120217181154Bh,20120217181154Bh.jpeg,10
010101-20141027224834Lh,20141027224834Lh.jpeg,10
010101-20150531082034Lh,20150531082034Lh.jpeg,10
030302-20140615195814Mh,20140615195814Mh.jpeg,10
060102-20130222082914Th,20130222082914Th.jpeg,10
010102-20161129022454Uh,20161129022454Uh.jpeg,10
010101-20161129022454Uh,20161129022454Uh.jpeg,10
040201-20130705161714Mh,20130705161714Mh.jpeg,10
010101-20131128192214Mh,20131128192214Mh.jpeg,10
020403-20111112193254Bh,20111112193254Bh.jpeg,10
050303-20110810063134Lh,20110810063134Lh.jpeg,10
050103-20110502063154Uh,20110502063154Uh.jpeg,10
010101-20120330063134Lh,20120330063134Lh.jpeg,10
040401-20111025080614Th,20111025080614Th.jpeg,10
040102-20161223133734Ch,20161223133734Ch.jpeg,10
010103-20151117172314Mh,20151117172314Mh.jpeg,10
050101-20141214201834Ch,20141214201834Ch.jpeg,10
010101-20120427063154Uh,20120427063154Uh.jpeg,10
010401-20121113103634Ch,20121113103634Ch.jpeg,10
050103-20111114082314Th,20111114082314Th.jpeg,10
010402-20131007075314Th,20131007075314Th.jpeg,10
060403-20150409081954Uh,20150409081954Uh.jpeg,10
010402-20150427162314Mh,20150427162314Mh.jpeg,10
040401-20141010195834Ch,20141010195834Ch.jpeg,10
050102-20150731082034Lh,20150731082034Lh.jpeg,10
050101-20150731082034Lh,20150731082034Lh.jpeg,10
050101-20111218085014Th,20111218085014Th.jpeg,10
010202-20140225163314Th,20140225163314Th.jpeg,10
050101-20130719140154Bh,20130719140154Bh.jpeg,10
010103-20160526011254Uh,20160526011254Uh.jpeg,10
010101-20121109103634Ch,20121109103634Ch.jpeg,10
030101-20160103133734Ch,20160103133734Ch.jpeg,10
040301-20130211063134Lh,20130211063134Lh.jpeg,10
050202-20151116224034Lh,20151116224034Lh.jpeg,10
010102-20120215153654Bh,20120215153654Bh.jpeg,10
010101-20120206063134Lh,20120206063134Lh.jpeg,10
040302-20151128133734Ch,20151128133734Ch.jpeg,10
010402-20120424072414Th,20120424072414Th.jpeg,10
020403-20121114172254Bh,20121114172254Bh.jpeg,10
020401-20121114172254Bh,20121114172254Bh.jpeg,10
050302-20120113104834Ch,20120113104834Ch.jpeg,10
010102-20111029063154Uh,20111029063154Uh.jpeg,10
010103-20110114105034Ch,20110114105034Ch.jpeg,10
010402-20130813060834Lh,20130813060834Lh.jpeg,10
040102-20150119082034Lh,20150119082034Lh.jpeg,10
060403-20121030150354Bh,20121030150354Bh.jpeg,10
010101-20131016185334Ch,20131016185334Ch.jpeg,10
010201-20120729122634Ch,20120729122634Ch.jpeg,10
020403-20140806195834Ch,20140806195834Ch.jpeg,10
020101-20120330063154Uh,20120330063154Uh.jpeg,10
010102-20131006075314Th,20131006075314Th.jpeg,10
010402-20160215133734Ch,20160215133734Ch.jpeg,10
020101-20131204192154Bh,20131204192154Bh.jpeg,10
010401-20111009110234Ch,20111009110234Ch.jpeg,10
010102-20141210201814Mh,20141210201814Mh.jpeg,10
040401-20130824060834Lh,20130824060834Lh.jpeg,10
050102-20140414195834Ch,20140414195834Ch.jpeg,10
040102-20150225171114Mh,20150225171114Mh.jpeg,9
010401-20150614162514Mh,20150614162514Mh.jpeg,9
050202-20130616070414Th,20130616070414Th.jpeg,9
020401-20130923060834Lh,20130923060834Lh.jpeg,9
040301-20120223152054Bh,20120223152054Bh.jpeg,9
010101-20160714235434Lh,20160714235434Lh.jpeg,9
040401-20110312082634Lh,20110312082634Lh.jpeg,9
010203-20130919060834Lh,20130919060834Lh.jpeg,9
010403-20150423120034Ch,20150423120034Ch.jpeg,9
060403-20120114063154Uh,20120114063154Uh.jpeg,9
020101-20160518011654Uh,20160518011654Uh.jpeg,9
040102-20131201192134Ch,20131201192134Ch.jpeg,9
050202-20120730135454Bh,20120730135454Bh.jpeg,9
020401-20130110104734Ch,20130110104734Ch.jpeg,9
030302-20111107063154Uh,20111107063154Uh.jpeg,9
030403-20130407063154Uh,20130407063154Uh.jpeg,9
030302-20150718082014Th,20150718082014Th.jpeg,9
010402-20111215063134Lh,20111215063134Lh.jpeg,9
040303-20140218230234Lh,20140218230234Lh.jpeg,9
020101-20110521063134Lh,20110521063134Lh.jpeg,9
010403-20120104063134Lh,20120104063134Lh.jpeg,9
050101-20131229112414Th,20131229112414Th.jpeg,9
030302-20140712195854Bh,20140712195854Bh.jpeg,9
050103-20160310133734Ch,20160310133734Ch.jpeg,9
010101-20140813064254Uh,20140813064254Uh.jpeg,9
050103-20120715123434Ch,20120715123434Ch.jpeg,9
050102-20130305112734Ch,20130305112734Ch.jpeg,9
030101-20160408232234Lh,20160408232234Lh.jpeg,9
010201-20141016022554Uh,20141016022554Uh.jpeg,9
010401-20150825082034Lh,20150825082034Lh.jpeg,9
010201-20110724164614Mh,20110724164614Mh.jpeg,9
030302-20151128222134Lh,20151128222134Lh.jpeg,9
030101-20160317232434Lh,20160317232434Lh.jpeg,9
050102-20110502063154Uh,20110502063154Uh.jpeg,9
040301-20120328164614Mh,20120328164614Mh.jpeg,9
010401-20141006224634Lh,20141006224634Lh.jpeg,9
040201-20160215175514Mh,20160215175514Mh.jpeg,9
030101-20110902073614Th,20110902073614Th.jpeg,9
010203-20130208063154Uh,20130208063154Uh.jpeg,9
010102-20131128192214Mh,20131128192214Mh.jpeg,9
040401-20150629161614Mh,20150629161614Mh.jpeg,9
060403-20130601063154Uh,20130601063154Uh.jpeg,9
010401-20141016195834Ch,20141016195834Ch.jpeg,9
020101-20110619063134Lh,20110619063134Lh.jpeg,9
010402-20141006224634Lh,20141006224634Lh.jpeg,9
050102-20110826074214Th,20110826074214Th.jpeg,9
010402-20111229063154Uh,20111229063154Uh.jpeg,9
010403-20140216230134Lh,20140216230134Lh.jpeg,9
030302-20160510163914Mh,20160510163914Mh.jpeg,9
010102-20150531082034Lh,20150531082034Lh.jpeg,9
020403-20131101222734Lh,20131101222734Lh.jpeg,9
010403-20120802090314Th,20120802090314Th.jpeg,9
030101-20110623063134Lh,20110623063134Lh.jpeg,9
050202-20140803234534Lh,20140803234534Lh.jpeg,9
010102-20121109103634Ch,20121109103634Ch.jpeg,9
040201-20130404063134Lh,20130404063134Lh.jpeg,9
010101-20141210201814Mh,20141210201814Mh.jpeg,9
030403-20140401014754Uh,20140401014754Uh.jpeg,9
010302-20111223085314Th,20111223085314Th.jpeg,9
030403-20111115063134Lh,20111115063134Lh.jpeg,9
010402-20150825082034Lh,20150825082034Lh.jpeg,9
020101-20131020080114Th,20131020080114Th.jpeg,9
030302-20141009023454Uh,20141009023454Uh.jpeg,9
040401-20131108045254Uh,20131108045254Uh.jpeg,9
010202-20140111224134Lh,20140111224134Lh.jpeg,9
010201-20120910074014Th,20120910074014Th.jpeg,9
010101-20170218173710Mh,20170218173710Mh.jpeg,9
010202-20141004075414Th,20141004075414Th.jpeg,9
040301-20111201063154Uh,20111201063154Uh.jpeg,9
050102-20111114082314Th,20111114082314Th.jpeg,9
040301-20151226133734Ch,20151226133734Ch.jpeg,9
050101-20120810121634Ch,20120810121634Ch.jpeg,9
060403-20160110133714Th,20160110133714Th.jpeg,9
010102-20151122172614Mh,20151122172614Mh.jpeg,9
010301-20151119133734Ch,20151119133734Ch.jpeg,9
010401-20150427162314Mh,20150427162314Mh.jpeg,9
040301-20130502063134Lh,20130502063134Lh.jpeg,9
020403-20141105195814Mh,20141105195814Mh.jpeg,9
030101-20150919165814Mh,20150919165814Mh.jpeg,9
010102-20171027223030Lh,20171027223030Lh.jpeg,9
050302-20130808140054Bh,20130808140054Bh.jpeg,9
010101-20171027223030Lh,20171027223030Lh.jpeg,9
030101-20151013144654Bh,20151013144654Bh.jpeg,9
030302-20131113185414Mh,20131113185414Mh.jpeg,8
010403-20120703070814Th,20120703070814Th.jpeg,8
040201-20130306172214Mh,20130306172214Mh.jpeg,8
040302-20110711071214Th,20110711071214Th.jpeg,8
040401-20140709195814Mh,20140709195814Mh.jpeg,8
060102-20151019223534Lh,20151019223534Lh.jpeg,8
010102-20131016185334Ch,20131016185334Ch.jpeg,8
050103-20150731082034Lh,20150731082034Lh.jpeg,8
030101-20140719071414Th,20140719071414Th.jpeg,8
010403-20150427162314Mh,20150427162314Mh.jpeg,8
040102-20211229120130Ch,20211229120130Ch.jpeg,8
050101-20150216171714Mh,20150216171714Mh.jpeg,8
050103-20150216171714Mh,20150216171714Mh.jpeg,8
050102-20131229112414Th,20131229112414Th.jpeg,8
010203-20150716162114Mh,20150716162114Mh.jpeg,8
030302-20120227161654Bh,20120227161654Bh.jpeg,8
010202-20130903141654Bh,20130903141654Bh.jpeg,8
010102-20140813064254Uh,20140813064254Uh.jpeg,8
010402-20121113103634Ch,20121113103634Ch.jpeg,8
010302-20151119133734Ch,20151119133734Ch.jpeg,8
050101-20140414195834Ch,20140414195834Ch.jpeg,8
010103-20151122172614Mh,20151122172614Mh.jpeg,8
010102-20140509195814Mh,20140509195814Mh.jpeg,8
040102-20140603070414Th,20140603070414Th.jpeg,8
010203-20120729122634Ch,20120729122634Ch.jpeg,8
010202-20120729122634Ch,20120729122634Ch.jpeg,8
020403-20141225024354Uh,20141225024354Uh.jpeg,8
010101-20140604195854Bh,20140604195854Bh.jpeg,8
010103-20131016185334Ch,20131016185334Ch.jpeg,8
050101-20160310133734Ch,20160310133734Ch.jpeg,8
010402-20160920230134Lh,20160920230134Lh.jpeg,8
030302-20110603163414Mh,20110603163414Mh.jpeg,8
020403-20110510063134Lh,20110510063134Lh.jpeg,8
040102-20120427162614Mh,20120427162614Mh.jpeg,8
010401-20110803164914Mh,20110803164914Mh.jpeg,8
010403-20130517063134Lh,20130517063134Lh.jpeg,8
050103-20110429135554Bh,20110429135554Bh.jpeg,8
040102-20171123133730Ch,20171123133730Ch.jpeg,8
010101-20160703133714Th,20160703133714Th.jpeg,8
040401-20110509121334Ch,20110509121334Ch.jpeg,8
020401-20160402025254Uh,20160402025254Uh.jpeg,8
040401-20150830084134Lh,20150830084134Lh.jpeg,8
030302-20120928063134Lh,20120928063134Lh.jpeg,8
010402-20160213153054Bh,20160213153054Bh.jpeg,8
010203-20141022223334Lh,20141022223334Lh.jpeg,8
010302-20130809072814Th,20130809072814Th.jpeg,8
040102-20160604163414Mh,20160604163414Mh.jpeg,8
050101-20150116082034Lh,20150116082034Lh.jpeg,8
050102-20150116082034Lh,20150116082034Lh.jpeg,8
010401-20130813060834Lh,20130813060834Lh.jpeg,8
020101-20161013133734Ch,20161013133734Ch.jpeg,8
040102-20110525063154Uh,20110525063154Uh.jpeg,8
050103-20110826074214Th,20110826074214Th.jpeg,8
020401-20120223063154Uh,20120223063154Uh.jpeg,8
010403-20141006224634Lh,20141006224634Lh.jpeg,8
040301-20120218173614Mh,20120218173614Mh.jpeg,8
010101-20111029063154Uh,20111029063154Uh.jpeg,8
050103-20130305112734Ch,20130305112734Ch.jpeg,8
010403-20150825082034Lh,20150825082034Lh.jpeg,8
040401-20140716195854Bh,20140716195854Bh.jpeg,8
010402-20160225173314Mh,20160225173314Mh.jpeg,8
040102-20120726071914Th,20120726071914Th.jpeg,8
050303-20160925225634Lh,20160925225634Lh.jpeg,8
040402-20171115222230Lh,20171115222230Lh.jpeg,8
050103-20220622205632Bh,20220622205632Bh.jpeg,8
060403-20130212153254Bh,20130212153254Bh.jpeg,8
050102-20220622205632Bh,20220622205632Bh.jpeg,8
010402-20130429063154Uh,20130429063154Uh.jpeg,8
010103-20160401170314Mh,20160401170314Mh.jpeg,8
050202-20161229133734Ch,20161229133734Ch.jpeg,8
050102-20120715123434Ch,20120715123434Ch.jpeg,8
050101-20120715123434Ch,20120715123434Ch.jpeg,8
010102-20160526011254Uh,20160526011254Uh.jpeg,8
010101-20160526011254Uh,20160526011254Uh.jpeg,8
010403-20111222063154Uh,20111222063154Uh.jpeg,8
050101-20110826074214Th,20110826074214Th.jpeg,8
060403-20110615133454Bh,20110615133454Bh.jpeg,8
010401-20150308081954Uh,20150308081954Uh.jpeg,8
010402-20160229151254Bh,20160229151254Bh.jpeg,8
030302-20120424120134Ch,20120424120134Ch.jpeg,8
010302-20121027063134Lh,20121027063134Lh.jpeg,8
010403-20150308081954Uh,20150308081954Uh.jpeg,8
040301-20130828141354Bh,20130828141354Bh.jpeg,8
010202-20121024164714Mh,20121024164714Mh.jpeg,8
040301-20120430063154Uh,20120430063154Uh.jpeg,8
050303-20150620082014Th,20150620082014Th.jpeg,8
010402-20130319144654Bh,20130319144654Bh.jpeg,8
010103-20150112081954Uh,20150112081954Uh.jpeg,8
050101-20131225065154Uh,20131225065154Uh.jpeg,8
020401-20110815140454Bh,20110815140454Bh.jpeg,8
020403-20140212024554Uh,20140212024554Uh.jpeg,8
010403-20160810234034Lh,20160810234034Lh.jpeg,8
010401-20141106195854Bh,20141106195854Bh.jpeg,7
010402-20150228082414Th,20150228082414Th.jpeg,7
020403-20120217181154Bh,20120217181154Bh.jpeg,7
030101-20110617063134Lh,20110617063134Lh.jpeg,7
010102-20140312081114Th,20140312081114Th.jpeg,7
010403-20111009110234Ch,20111009110234Ch.jpeg,7
030302-20121026063134Lh,20121026063134Lh.jpeg,7
050101-20171123222130Lh,20171123222130Lh.jpeg,7
050103-20130719140154Bh,20130719140154Bh.jpeg,7
010203-20120910074014Th,20120910074014Th.jpeg,7
050202-20160720133734Ch,20160720133734Ch.jpeg,7
020403-20150617161314Mh,20150617161314Mh.jpeg,7
050102-20120811121434Ch,20120811121434Ch.jpeg,7
050102-20160310133734Ch,20160310133734Ch.jpeg,7
040102-20140607112354Uh,20140607112354Uh.jpeg,7
040401-20121018063134Lh,20121018063134Lh.jpeg,7
010102-20110327143554Bh,20110327143554Bh.jpeg,7
010101-20110327143554Bh,20110327143554Bh.jpeg,7
020401-20141105195814Mh,20141105195814Mh.jpeg,7
040102-20130214111534Ch,20130214111534Ch.jpeg,7
020101-20150630083214Th,20150630083214Th.jpeg,7
030302-20140501195814Mh,20140501195814Mh.jpeg,7
010403-20220721185332Bh,20220721185332Bh.jpeg,7
010102-20160703133714Th,20160703133714Th.jpeg,7
010203-20130810121534Ch,20130810121534Ch.jpeg,7
010401-20131007075314Th,20131007075314Th.jpeg,7
010403-20131007075314Th,20131007075314Th.jpeg,7
010403-20130925143254Bh,20130925143254Bh.jpeg,7
020401-20150617161314Mh,20150617161314Mh.jpeg,7
040201-20130116172814Mh,20130116172814Mh.jpeg,7
010203-20141012015654Uh,20141012015654Uh.jpeg,7
050103-20171123222130Lh,20171123222130Lh.jpeg,7
010401-20160215133734Ch,20160215133734Ch.jpeg,7
020401-20131206084114Th,20131206084114Th.jpeg,7
020403-20131206084114Th,20131206084114Th.jpeg,7
010101-20130903060834Lh,20130903060834Lh.jpeg,7
010102-20141027025054Uh,20141027025054Uh.jpeg,7
020101-20160309172214Mh,20160309172214Mh.jpeg,7
020101-20161109171714Mh,20161109171714Mh.jpeg,7
010101-20140509195814Mh,20140509195814Mh.jpeg,7
010102-20151117172314Mh,20151117172314Mh.jpeg,7
050103-20120810121634Ch,20120810121634Ch.jpeg,7
010402-20110306082634Lh,20110306082634Lh.jpeg,7
060403-20140411013854Uh,20140411013854Uh.jpeg,7
040201-20160808133714Th,20160808133714Th.jpeg,7
040301-20130109130334Ch,20130109130334Ch.jpeg,7
050101-20130305112734Ch,20130305112734Ch.jpeg,7
040401-20160327170714Mh,20160327170714Mh.jpeg,7
010401-20121218063534Lh,20121218063534Lh.jpeg,7
020403-20120223063154Uh,20120223063154Uh.jpeg,7
010102-20130425135954Bh,20130425135954Bh.jpeg,7
040301-20140213024554Uh,20140213024554Uh.jpeg,7
020401-20141013195834Ch,20141013195834Ch.jpeg,7
020401-20140212024554Uh,20140212024554Uh.jpeg,7
010201-20170726235030Lh,20170726235030Lh.jpeg,7
040401-20160619133714Th,20160619133714Th.jpeg,7
010402-20120404063154Uh,20120404063154Uh.jpeg,7
040301-20130304170614Mh,20130304170614Mh.jpeg,7
010401-20110923165814Mh,20110923165814Mh.jpeg,7
010102-20160226173214Mh,20160226173214Mh.jpeg,7
020401-20131101222734Lh,20131101222734Lh.jpeg,7
050103-20150116082034Lh,20150116082034Lh.jpeg,7
030302-20171025133730Ch,20171025133730Ch.jpeg,7
020403-20120318063154Uh,20120318063154Uh.jpeg,7
020401-20120318063154Uh,20120318063154Uh.jpeg,7
060102-20220724185352Mh,20220724185352Mh.jpeg,7
010103-20111027145954Bh,20111027145954Bh.jpeg,7
010403-20150221155154Bh,20150221155154Bh.jpeg,7
010403-20141106195854Bh,20141106195854Bh.jpeg,7
050102-20150216171714Mh,20150216171714Mh.jpeg,7
050101-20220622205632Bh,20220622205632Bh.jpeg,7
040102-20140312025454Uh,20140312025454Uh.jpeg,7
040301-20131113004514Mh,20131113004514Mh.jpeg,7
010102-20120206063134Lh,20120206063134Lh.jpeg,7
040201-20140601195814Mh,20140601195814Mh.jpeg,7
030302-20160125154854Bh,20160125154854Bh.jpeg,7
040303-20130828141354Bh,20130828141354Bh.jpeg,7
020403-20160501143154Bh,20160501143154Bh.jpeg,7
010402-20160810234034Lh,20160810234034Lh.jpeg,7
010203-20141016022554Uh,20141016022554Uh.jpeg,7
020403-20160402025254Uh,20160402025254Uh.jpeg,7
010403-20131107043054Uh,20131107043054Uh.jpeg,7
010402-20121129063154Uh,20121129063154Uh.jpeg,7
040401-20150324145954Bh,20150324145954Bh.jpeg,7
010101-20160320133714Th,20160320133714Th.jpeg,7
050102-20160617133654Bh,20160617133654Bh.jpeg,7
030401-20130407063154Uh,20130407063154Uh.jpeg,7
060403-20140814195854Bh,20140814195854Bh.jpeg,7
040102-20161201160954Bh,20161201160954Bh.jpeg,7
060403-20110313082654Uh,20110313082654Uh.jpeg,7
010102-20150112081954Uh,20150112081954Uh.jpeg,7
010403-20111229063154Uh,20111229063154Uh.jpeg,7
010401-20130517063134Lh,20130517063134Lh.jpeg,7
030401-20140922195854Bh,20140922195854Bh.jpeg,7
040401-20121021145454Bh,20121021145454Bh.jpeg,7
020403-20130314165714Mh,20130314165714Mh.jpeg,7
020401-20130314165714Mh,20130314165714Mh.jpeg,7
030302-20151011144554Bh,20151011144554Bh.jpeg,7
020403-20110815140454Bh,20110815140454Bh.jpeg,7
040102-20151118172314Mh,20151118172314Mh.jpeg,7
050103-20130107174854Bh,20130107174854Bh.jpeg,7
020103-20150330081954Uh,20150330081954Uh.jpeg,7
040301-20131130192134Ch,20131130192134Ch.jpeg,7
030302-20120306063154Uh,20120306063154Uh.jpeg,7
010102-20130811140254Bh,20130811140254Bh.jpeg,7
010101-20141027025054Uh,20141027025054Uh.jpeg,7
020401-20110707074514Th,20110707074514Th.jpeg,7
020401-20110510063134Lh,20110510063134Lh.jpeg,7
060102-20150207084414Th,20150207084414Th.jpeg,7
010103-20160703133714Th,20160703133714Th.jpeg,7
040102-20160302133734Ch,20160302133734Ch.jpeg,7
030101-20110317082654Uh,20110317082654Uh.jpeg,6
060102-20160809164914Mh,20160809164914Mh.jpeg,6
020101-20170801164710Mh,20170801164710Mh.jpeg,6
010101-20160401170314Mh,20160401170314Mh.jpeg,6
030101-20210103223630Lh,20210103223630Lh.jpeg,6
010401-20131027025654Uh,20131027025654Uh.jpeg,6
010101-20161222133714Th,20161222133714Th.jpeg,6
010103-20140509195814Mh,20140509195814Mh.jpeg,6
040201-20140903073614Th,20140903073614Th.jpeg,6
040401-20150627133754Bh,20150627133754Bh.jpeg,6
040201-20210620163530Mh,20210620163530Mh.jpeg,6
010101-20151117172314Mh,20151117172314Mh.jpeg,6
010101-20150626161514Mh,20150626161514Mh.jpeg,6
010402-20171029150150Bh,20171029150150Bh.jpeg,6
050103-20130630070714Th,20130630070714Th.jpeg,6
010203-20130807073114Th,20130807073114Th.jpeg,6
010302-20151213023454Uh,20151213023454Uh.jpeg,6
010202-20130807073114Th,20130807073114Th.jpeg,6
010102-20130903060834Lh,20130903060834Lh.jpeg,6
020401-20171025223130Lh,20171025223130Lh.jpeg,6
010402-20160403170114Mh,20160403170114Mh.jpeg,6
020401-20171022170710Mh,20171022170710Mh.jpeg,6
050102-20121027165114Mh,20121027165114Mh.jpeg,6
010202-20140531195834Ch,20140531195834Ch.jpeg,6
030302-20141025031154Uh,20141025031154Uh.jpeg,6
010301-20160401133734Ch,20160401133734Ch.jpeg,6
030101-20161116133714Th,20161116133714Th.jpeg,6
040301-20120217063154Uh,20120217063154Uh.jpeg,6
040102-20141024195834Ch,20141024195834Ch.jpeg,6
010102-20120427063154Uh,20120427063154Uh.jpeg,6
010402-20120723095014Th,20120723095014Th.jpeg,6
050102-20131225065154Uh,20131225065154Uh.jpeg,6
010401-20160213153054Bh,20160213153054Bh.jpeg,6
010403-20120424072414Th,20120424072414Th.jpeg,6
010403-20160215133734Ch,20160215133734Ch.jpeg,6
040301-20140218230234Lh,20140218230234Lh.jpeg,6
030101-20210815140550Bh,20210815140550Bh.jpeg,6
020101-20110406082634Lh,20110406082634Lh.jpeg,6
040401-20160629133714Th,20160629133714Th.jpeg,6
010403-20140509071314Th,20140509071314Th.jpeg,6
040102-20110511063154Uh,20110511063154Uh.jpeg,6
010402-20110923165814Mh,20110923165814Mh.jpeg,6
050103-20131225065154Uh,20131225065154Uh.jpeg,6
050202-20160326143654Bh,20160326143654Bh.jpeg,6
050102-20120720085114Th,20120720085114Th.jpeg,6
010401-20160229151254Bh,20160229151254Bh.jpeg,6
010403-20160229151254Bh,20160229151254Bh.jpeg,6
050103-20120720085114Th,20120720085114Th.jpeg,6
050102-20120110155754Bh,20120110155754Bh.jpeg,6
010101-20160226173214Mh,20160226173214Mh.jpeg,6
010201-20150819082014Th,20150819082014Th.jpeg,6
010401-20130319144654Bh,20130319144654Bh.jpeg,6
010102-20160320133714Th,20160320133714Th.jpeg,6
010202-20141012015654Uh,20141012015654Uh.jpeg,6
010403-20121113103634Ch,20121113103634Ch.jpeg,6
030101-20140720195834Ch,20140720195834Ch.jpeg,6
040302-20140508195834Ch,20140508195834Ch.jpeg,6
020403-20160628152654Bh,20160628152654Bh.jpeg,6
010403-20121218063534Lh,20121218063534Lh.jpeg,6
010403-20130813060834Lh,20130813060834Lh.jpeg,6
050202-20110425063154Uh,20110425063154Uh.jpeg,6
010102-20120603123034Ch,20120603123034Ch.jpeg,6
040102-20220803074752Th,20220803074752Th.jpeg,6
010202-20161231133734Ch,20161231133734Ch.jpeg,6
050101-20120816072814Th,20120816072814Th.jpeg,6
050102-20110429135554Bh,20110429135554Bh.jpeg,6
010402-20160430133714Th,20160430133714Th.jpeg,6
030101-20110109104734Ch,20110109104734Ch.jpeg,6
010203-20160223173514Mh,20160223173514Mh.jpeg,6
050101-20120811121434Ch,20120811121434Ch.jpeg,6
040201-20210728164530Mh,20210728164530Mh.jpeg,6
040401-20120421063154Uh,20120421063154Uh.jpeg,6
060403-20150527082014Th,20150527082014Th.jpeg,6
030403-20121108155954Bh,20121108155954Bh.jpeg,6
030302-20131109190514Mh,20131109190514Mh.jpeg,6
010401-20110306082634Lh,20110306082634Lh.jpeg,6
010403-20110306082634Lh,20110306082634Lh.jpeg,6
020403-20120331142954Bh,20120331142954Bh.jpeg,6
050103-20120811121434Ch,20120811121434Ch.jpeg,6
010101-20161224024154Uh,20161224024154Uh.jpeg,6
010403-20131027025654Uh,20131027025654Uh.jpeg,5
020403-20130923060834Lh,20130923060834Lh.jpeg,5
020403-20110707074514Th,20110707074514Th.jpeg,5
010402-20131027025654Uh,20131027025654Uh.jpeg,5
010202-20170719235330Lh,20170719235330Lh.jpeg,5
010103-20140604195854Bh,20140604195854Bh.jpeg,5
010202-20150716162114Mh,20150716162114Mh.jpeg,5
050101-20121007131134Ch,20121007131134Ch.jpeg,5
020101-20170701235630Lh,20170701235630Lh.jpeg,5
010401-20171029150150Bh,20171029150150Bh.jpeg,5
010402-20150308081954Uh,20150308081954Uh.jpeg,5
010101-20171101133730Ch,20171101133730Ch.jpeg,5
050103-20121027165114Mh,20121027165114Mh.jpeg,5
040401-20120627162114Mh,20120627162114Mh.jpeg,5
040102-20161002225034Lh,20161002225034Lh.jpeg,5
060403-20141026024454Uh,20141026024454Uh.jpeg,5
050102-20130630070714Th,20130630070714Th.jpeg,5
050101-20130630070714Th,20130630070714Th.jpeg,5
010301-20121027063134Lh,20121027063134Lh.jpeg,5
010301-20140605195854Bh,20140605195854Bh.jpeg,5
040401-20110119082634Lh,20110119082634Lh.jpeg,5
040301-20140904195814Mh,20140904195814Mh.jpeg,5
010102-20111027145954Bh,20111027145954Bh.jpeg,5
020401-20120403164114Mh,20120403164114Mh.jpeg,5
050202-20150913082014Th,20150913082014Th.jpeg,5
060403-20131028190734Ch,20131028190734Ch.jpeg,5
010402-20140509071314Th,20140509071314Th.jpeg,5
040301-20151128133734Ch,20151128133734Ch.jpeg,5
010101-20110114105034Ch,20110114105034Ch.jpeg,5
040102-20130326063134Lh,20130326063134Lh.jpeg,5
010403-20110923165814Mh,20110923165814Mh.jpeg,5
050103-20160617133654Bh,20160617133654Bh.jpeg,5
050103-20120110155754Bh,20120110155754Bh.jpeg,5
040401-20150916055454Uh,20150916055454Uh.jpeg,5
010103-20160320133714Th,20160320133714Th.jpeg,5
010403-20111215063134Lh,20111215063134Lh.jpeg,5
010402-20210223222830Ch,20210223222830Ch.jpeg,5
010203-20170327143550Bh,20170327143550Bh.jpeg,5
010401-20120205172414Mh,20120205172414Mh.jpeg,5
010302-20110213093414Th,20110213093414Th.jpeg,5
010403-20120205172414Mh,20120205172414Mh.jpeg,5
010301-20110213093414Th,20110213093414Th.jpeg,5
050101-20170728150230Ch,20170728150230Ch.jpeg,5
020401-20160501143154Bh,20160501143154Bh.jpeg,5
050102-20170728150230Ch,20170728150230Ch.jpeg,5
010401-20111215063134Lh,20111215063134Lh.jpeg,5
040301-20140817195834Ch,20140817195834Ch.jpeg,5
050102-20110727063234Lh,20110727063234Lh.jpeg,5
050101-20110727063234Lh,20110727063234Lh.jpeg,5
040401-20171115222230Lh,20171115222230Lh.jpeg,5
030302-20130324015554Uh,20130324015554Uh.jpeg,5
030101-20160609133654Bh,20160609133654Bh.jpeg,5
010401-20150221155154Bh,20150221155154Bh.jpeg,5
010202-20141016022554Uh,20141016022554Uh.jpeg,5
060403-20160804133734Ch,20160804133734Ch.jpeg,5
010401-20120404063154Uh,20120404063154Uh.jpeg,5
010103-20161224024154Uh,20161224024154Uh.jpeg,5
030101-20160726135354Bh,20160726135354Bh.jpeg,5
020401-20110616133454Bh,20110616133454Bh.jpeg,5
020403-20110616133454Bh,20110616133454Bh.jpeg,5
050101-20160617133654Bh,20160617133654Bh.jpeg,5
010101-20110203082634Lh,20110203082634Lh.jpeg,5
010102-20160606163514Mh,20160606163514Mh.jpeg,5
010101-20150527161214Mh,20150527161214Mh.jpeg,5
010202-20120910074014Th,20120910074014Th.jpeg,5
010103-20121109103634Ch,20121109103634Ch.jpeg,5
020401-20120331142954Bh,20120331142954Bh.jpeg,5
010402-20150125172714Mh,20150125172714Mh.jpeg,5
060403-20120813164714Mh,20120813164714Mh.jpeg,5
030101-20130225171214Mh,20130225171214Mh.jpeg,5
030403-20140723071614Th,20140723071614Th.jpeg,5
010101-20110625163814Mh,20110625163814Mh.jpeg,5
010202-20160223173514Mh,20160223173514Mh.jpeg,5
040401-20131019080114Th,20131019080114Th.jpeg,5
030403-20170423014350Uh,20170423014350Uh.jpeg,5
010203-20171004143950Bh,20171004143950Bh.jpeg,5
010401-20160225173314Mh,20160225173314Mh.jpeg,5
030101-20160516012454Uh,20160516012454Uh.jpeg,5
010401-20110215083814Th,20110215083814Th.jpeg,5
010102-20110220082634Lh,20110220082634Lh.jpeg,5
050202-20150926111934Ch,20150926111934Ch.jpeg,5
050102-20120816072814Th,20120816072814Th.jpeg,5
010401-20160810234034Lh,20160810234034Lh.jpeg,5
040102-20110824141054Bh,20110824141054Bh.jpeg,5
010203-20161105222634Lh,20161105222634Lh.jpeg,5
010203-20170726235030Lh,20170726235030Lh.jpeg,5
040201-20171114133730Ch,20171114133730Ch.jpeg,5
050101-20110429135554Bh,20110429135554Bh.jpeg,5
010403-20150325015554Uh,20150325015554Uh.jpeg,5
050103-20120816072814Th,20120816072814Th.jpeg,5
010101-20120603123034Ch,20120603123034Ch.jpeg,5
040401-20211119103130Ch,20211119103130Ch.jpeg,5
010202-20121006063534Lh,20121006063534Lh.jpeg,5
010103-20120603123034Ch,20120603123034Ch.jpeg,5
050303-20151105133734Ch,20151105133734Ch.jpeg,5
020101-20130303063134Lh,20130303063134Lh.jpeg,5
040301-20110711071214Th,20110711071214Th.jpeg,5
010401-20131011195414Mh,20131011195414Mh.jpeg,5
040301-20120414175914Mh,20120414175914Mh.jpeg,5
030101-20171005133730Ch,20171005133730Ch.jpeg,5
060403-20211222120130Ch,20211222120130Ch.jpeg,5
060102-20201228202430Ch,20201228202430Ch.jpeg,4
010403-20131011195414Mh,20131011195414Mh.jpeg,4
010402-20121009165914Mh,20121009165914Mh.jpeg,4
010101-20111027145954Bh,20111027145954Bh.jpeg,4
010401-20201227202710Mh,20201227202710Mh.jpeg,4
010403-20201227202710Mh,20201227202710Mh.jpeg,4
010402-20201227202710Mh,20201227202710Mh.jpeg,4
010203-20161231133734Ch,20161231133734Ch.jpeg,4
030101-20170427154550Bh,20170427154550Bh.jpeg,4
010301-20190609123330Ch,20190609123330Ch.jpeg,4
020403-20150720082014Th,20150720082014Th.jpeg,4
020401-20150720082014Th,20150720082014Th.jpeg,4
010401-20180306081810Th,20180306081810Th.jpeg,4
060102-20140122180214Mh,20140122180214Mh.jpeg,4
020401-20160628152654Bh,20160628152654Bh.jpeg,4
010401-20120913165314Mh,20120913165314Mh.jpeg,4
010203-20140409081614Th,20140409081614Th.jpeg,4
060102-20170316133730Ch,20170316133730Ch.jpeg,4
020403-20120814163114Mh,20120814163114Mh.jpeg,4
040301-20170122034654Uh,20170122034654Uh.jpeg,4
030302-20140725195814Mh,20140725195814Mh.jpeg,4
010403-20110215083814Th,20110215083814Th.jpeg,4
010402-20110215083814Th,20110215083814Th.jpeg,4
010102-20161224024154Uh,20161224024154Uh.jpeg,4
020201-20110520063154Uh,20110520063154Uh.jpeg,4
010203-20211229120210Th,20211229120210Th.jpeg,4
010401-20161205133714Th,20161205133714Th.jpeg,4
050103-20170728150230Ch,20170728150230Ch.jpeg,4
010202-20220617185352Mh,20220617185352Mh.jpeg,4
050101-20130107174854Bh,20130107174854Bh.jpeg,4
040402-20210616142650Bh,20210616142650Bh.jpeg,4
010401-20120424072414Th,20120424072414Th.jpeg,4
010302-20160315133714Th,20160315133714Th.jpeg,4
010301-20160315133714Th,20160315133714Th.jpeg,4
010403-20130429063154Uh,20130429063154Uh.jpeg,4
040201-20210814044930Lh,20210814044930Lh.jpeg,4
010201-20110823120334Ch,20110823120334Ch.jpeg,4
010202-20110823120334Ch,20110823120334Ch.jpeg,4
010402-20210817165030Mh,20210817165030Mh.jpeg,4
020101-20151106171514Mh,20151106171514Mh.jpeg,4
010402-20110301082654Uh,20110301082654Uh.jpeg,4
060102-20110326170914Mh,20110326170914Mh.jpeg,4
010403-20160213153054Bh,20160213153054Bh.jpeg,4
020401-20110324082614Th,20110324082614Th.jpeg,4
040301-20161012133734Ch,20161012133734Ch.jpeg,4
010102-20150527161214Mh,20150527161214Mh.jpeg,4
010401-20140509071314Th,20140509071314Th.jpeg,4
050103-20110727063234Lh,20110727063234Lh.jpeg,4
010402-20130221063134Lh,20130221063134Lh.jpeg,4
010403-20130221063134Lh,20130221063134Lh.jpeg,4
050101-20130218220314Mh,20130218220314Mh.jpeg,4
040302-20190701123830Ch,20190701123830Ch.jpeg,4
050101-20120110155754Bh,20120110155754Bh.jpeg,4
010202-20140414020354Uh,20140414020354Uh.jpeg,4
010403-20130319144654Bh,20130319144654Bh.jpeg,4
010401-20110410141654Bh,20110410141654Bh.jpeg,4
040302-20120914063134Lh,20120914063134Lh.jpeg,4
050201-20160928143554Bh,20160928143554Bh.jpeg,4
050202-20160928143554Bh,20160928143554Bh.jpeg,4
010402-20170119031254Uh,20170119031254Uh.jpeg,4
010403-20150625082034Lh,20150625082034Lh.jpeg,4
010401-20150625082034Lh,20150625082034Lh.jpeg,4
050101-20121027165114Mh,20121027165114Mh.jpeg,4
020403-20171022170710Mh,20171022170710Mh.jpeg,4
020403-20111018063134Lh,20111018063134Lh.jpeg,4
010101-20170103030554Uh,20170103030554Uh.jpeg,4
030302-20140726071814Th,20140726071814Th.jpeg,4
060102-20151228024254Uh,20151228024254Uh.jpeg,4
010401-20160920230134Lh,20160920230134Lh.jpeg,4
020403-20171106171510Mh,20171106171510Mh.jpeg,4
020401-20171106171510Mh,20171106171510Mh.jpeg,4
010403-20171029150150Bh,20171029150150Bh.jpeg,4
060403-20160530234734Lh,20160530234734Lh.jpeg,4
020403-20171025223130Lh,20171025223130Lh.jpeg,4
010401-20160403170114Mh,20160403170114Mh.jpeg,4
020401-20110205082634Lh,20110205082634Lh.jpeg,4
050102-20171123222130Lh,20171123222130Lh.jpeg,4
010402-20171007133730Ch,20171007133730Ch.jpeg,4
010102-20160401170314Mh,20160401170314Mh.jpeg,4
040301-20180109223930Lh,20180109223930Lh.jpeg,4
040401-20151107133734Ch,20151107133734Ch.jpeg,4
010202-20140428233234Lh,20140428233234Lh.jpeg,4
010402-20110410141654Bh,20110410141654Bh.jpeg,4
050102-20170117175014Mh,20170117175014Mh.jpeg,4
050103-20170117175014Mh,20170117175014Mh.jpeg,4
060403-20111226155454Bh,20111226155454Bh.jpeg,4
020401-20170425133730Ch,20170425133730Ch.jpeg,3
020101-20170411013550Uh,20170411013550Uh.jpeg,3
010201-20210201020330Lh,20210201020330Lh.jpeg,3
040401-20151128133714Th,20151128133714Th.jpeg,3
010202-20171103222630Lh,20171103222630Lh.jpeg,3
060403-20110123174914Mh,20110123174914Mh.jpeg,3
050102-20170827165310Mh,20170827165310Mh.jpeg,3
010101-20180825205030Ch,20180825205030Ch.jpeg,3
020403-20120403164114Mh,20120403164114Mh.jpeg,3
050103-20121007131134Ch,20121007131134Ch.jpeg,3
040301-20120914063134Lh,20120914063134Lh.jpeg,3
060102-20170809164910Mh,20170809164910Mh.jpeg,3
010203-20161110151454Bh,20161110151454Bh.jpeg,3
020101-20170722235230Lh,20170722235230Lh.jpeg,3
020401-20220122085210Th,20220122085210Th.jpeg,3
040201-20171014133730Ch,20171014133730Ch.jpeg,3
030302-20110421164914Mh,20110421164914Mh.jpeg,3
010303-20170831170750Bh,20170831170750Bh.jpeg,3
010302-20170831170750Bh,20170831170750Bh.jpeg,3
020101-20210812044930Lh,20210812044930Lh.jpeg,3
060102-20210721123430Ch,20210721123430Ch.jpeg,3
010403-20180306081810Th,20180306081810Th.jpeg,3
040301-20140508195834Ch,20140508195834Ch.jpeg,3
050101-20110517164514Mh,20110517164514Mh.jpeg,3
060102-20140818195814Mh,20140818195814Mh.jpeg,3
040102-20161217133734Ch,20161217133734Ch.jpeg,3
020401-20120814163114Mh,20120814163114Mh.jpeg,3
010403-20160225173314Mh,20160225173314Mh.jpeg,3
010402-20120913165314Mh,20120913165314Mh.jpeg,3
010403-20120913165314Mh,20120913165314Mh.jpeg,3
010401-20110128174814Mh,20110128174814Mh.jpeg,3
010402-20110128174814Mh,20110128174814Mh.jpeg,3
010402-20170804140650Bh,20170804140650Bh.jpeg,3
010403-20150125172714Mh,20150125172714Mh.jpeg,3
010401-20150125172714Mh,20150125172714Mh.jpeg,3
010202-20170327143550Bh,20170327143550Bh.jpeg,3
010203-20120917142654Bh,20120917142654Bh.jpeg,3
010201-20120917142654Bh,20120917142654Bh.jpeg,3
010402-20161205133714Th,20161205133714Th.jpeg,3
010103-20170103030554Uh,20170103030554Uh.jpeg,3
010102-20170103030554Uh,20170103030554Uh.jpeg,3
040102-20200806053830Lh,20200806053830Lh.jpeg,3
010403-20210223222830Ch,20210223222830Ch.jpeg,3
010203-20170310133730Ch,20170310133730Ch.jpeg,3
030302-20150625082014Th,20150625082014Th.jpeg,3
050103-20130218220314Mh,20130218220314Mh.jpeg,3
010402-20120205172414Mh,20120205172414Mh.jpeg,3
030302-20170619012150Uh,20170619012150Uh.jpeg,3
010101-20171008144250Bh,20171008144250Bh.jpeg,3
060102-20170217165250Bh,20170217165250Bh.jpeg,3
010402-20170927143450Bh,20170927143450Bh.jpeg,3
040401-20110728084714Th,20110728084714Th.jpeg,3
040102-20170702133730Ch,20170702133730Ch.jpeg,3
010102-20190602025430Lh,20190602025430Lh.jpeg,3
030302-20170323041730Lh,20170323041730Lh.jpeg,3
030302-20161108021454Uh,20161108021454Uh.jpeg,3
040401-20170310173450Bh,20170310173450Bh.jpeg,3
030101-20190925165810Mh,20190925165810Mh.jpeg,3
060102-20161023133814Th,20161023133814Th.jpeg,3
010403-20120404063154Uh,20120404063154Uh.jpeg,3
060102-20130423072414Th,20130423072414Th.jpeg,3
010403-20120723095014Th,20120723095014Th.jpeg,3
010401-20120723095014Th,20120723095014Th.jpeg,3
010403-20120131063154Uh,20120131063154Uh.jpeg,3
050101-20120720085114Th,20120720085114Th.jpeg,3
060102-20160724135554Bh,20160724135554Bh.jpeg,3
010402-20150625082034Lh,20150625082034Lh.jpeg,3
010401-20121129063154Uh,20121129063154Uh.jpeg,3
010403-20121129063154Uh,20121129063154Uh.jpeg,3
010102-20150626161514Mh,20150626161514Mh.jpeg,3
050103-20180202130330Ch,20180202130330Ch.jpeg,3
050101-20171115170950Bh,20171115170950Bh.jpeg,3
010403-20160403170114Mh,20160403170114Mh.jpeg,3
030403-20211231223430Lh,20211231223430Lh.jpeg,3
030401-20211231223430Lh,20211231223430Lh.jpeg,3
010202-20190611032810Mh,20190611032810Mh.jpeg,3
040401-20170806133710Th,20170806133710Th.jpeg,3
010102-20161222133714Th,20161222133714Th.jpeg,3
050101-20170117175014Mh,20170117175014Mh.jpeg,3
030302-20170417232530Lh,20170417232530Lh.jpeg,3
010302-20190609123330Ch,20190609123330Ch.jpeg,3
010103-20210222222850Bh,20210222222850Bh.jpeg,3
010401-20111229063154Uh,20111229063154Uh.jpeg,3
040301-20210626133950Bh,20210626133950Bh.jpeg,3
010403-20160430133714Th,20160430133714Th.jpeg,3
020403-20170425133730Ch,20170425133730Ch.jpeg,2
010402-20130303063154Uh,20130303063154Uh.jpeg,2
020403-20110205082634Lh,20110205082634Lh.jpeg,2
010101-20210222222850Bh,20210222222850Bh.jpeg,2
030403-20111214132434Ch,20111214132434Ch.jpeg,2
010401-20120131063154Uh,20120131063154Uh.jpeg,2
010202-20170502233130Lh,20170502233130Lh.jpeg,2
010101-20170418013450Uh,20170418013450Uh.jpeg,2
010102-20170418013450Uh,20170418013450Uh.jpeg,2
020403-20120225172914Mh,20120225172914Mh.jpeg,2
010202-20170726235030Lh,20170726235030Lh.jpeg,2
010303-20170415145450Bh,20170415145450Bh.jpeg,2
010201-20121006063534Lh,20121006063534Lh.jpeg,2
030302-20161210133714Th,20161210133714Th.jpeg,2
010302-20140605195854Bh,20140605195854Bh.jpeg,2
050103-20171115170950Bh,20171115170950Bh.jpeg,2
020401-20180318232230Lh,20180318232230Lh.jpeg,2
010202-20210201020330Lh,20210201020330Lh.jpeg,2
030401-20111214132434Ch,20111214132434Ch.jpeg,2
010103-20171101133730Ch,20171101133730Ch.jpeg,2
010402-20220418020950Uh,20220418020950Uh.jpeg,2
010401-20130221063134Lh,20130221063134Lh.jpeg,2
010402-20120131063154Uh,20120131063154Uh.jpeg,2
040301-20140701195814Mh,20140701195814Mh.jpeg,2
030302-20171121222130Lh,20171121222130Lh.jpeg,2
050302-20170503013050Uh,20170503013050Uh.jpeg,2
040201-20190704123830Ch,20190704123830Ch.jpeg,2
030302-20190629163710Mh,20190629163710Mh.jpeg,2
010101-20171011170310Mh,20171011170310Mh.jpeg,2
050302-20170102024454Uh,20170102024454Uh.jpeg,2
040401-20170805133710Th,20170805133710Th.jpeg,2
010403-20110301082654Uh,20110301082654Uh.jpeg,2
050101-20180202130330Ch,20180202130330Ch.jpeg,2
010403-20160920230134Lh,20160920230134Lh.jpeg,2
010203-20170329133730Ch,20170329133730Ch.jpeg,2
010202-20170329133730Ch,20170329133730Ch.jpeg,2
010101-20110220082634Lh,20110220082634Lh.jpeg,2
040302-20210329015250Uh,20210329015250Uh.jpeg,2
010103-20110203082634Lh,20110203082634Lh.jpeg,2
010202-20171004143950Bh,20171004143950Bh.jpeg,2
010203-20210621133650Bh,20210621133650Bh.jpeg,2
040102-20210731074710Th,20210731074710Th.jpeg,2
010302-20210624133950Bh,20210624133950Bh.jpeg,2
010101-20190626025430Lh,20190626025430Lh.jpeg,2
010102-20190626025430Lh,20190626025430Lh.jpeg,2
040401-20180714000010Mh,20180714000010Mh.jpeg,2
010402-20180306081810Th,20180306081810Th.jpeg,2
010401-20111011112054Uh,20111011112054Uh.jpeg,2
010403-20210626060050Uh,20210626060050Uh.jpeg,2
010101-20180318020350Uh,20180318020350Uh.jpeg,2
040102-20171109023950Uh,20171109023950Uh.jpeg,2
050103-20110517164514Mh,20110517164514Mh.jpeg,2
010403-20170804140650Bh,20170804140650Bh.jpeg,2
010202-20120917142654Bh,20120917142654Bh.jpeg,2
010102-20170218173710Mh,20170218173710Mh.jpeg,2
010403-20210817165030Mh,20210817165030Mh.jpeg,2
010401-20210223222830Ch,20210223222830Ch.jpeg,2
010403-20161205133714Th,20161205133714Th.jpeg,2
050102-20130218220314Mh,20130218220314Mh.jpeg,2
010401-20210817165030Mh,20210817165030Mh.jpeg,2
030302-20160627133734Ch,20160627133734Ch.jpeg,2
060102-20130419070254Uh,20130419070254Uh.jpeg,2
020401-20200114073230Lh,20200114073230Lh.jpeg,2
010203-20180112130330Ch,20180112130330Ch.jpeg,2
030403-20150727082014Th,20150727082014Th.jpeg,2
010202-20180112130330Ch,20180112130330Ch.jpeg,2
020101-20180925000030Lh,20180925000030Lh.jpeg,2
010202-20170222133710Th,20170222133710Th.jpeg,2
020401-20170417014150Uh,20170417014150Uh.jpeg,2
030302-20170408133710Th,20170408133710Th.jpeg,2
010102-20180825205030Ch,20180825205030Ch.jpeg,2
010103-20180825205030Ch,20180825205030Ch.jpeg,2
060102-20210329114430Ch,20210329114430Ch.jpeg,2
050101-20170827165310Mh,20170827165310Mh.jpeg,2
040102-20171011224130Lh,20171011224130Lh.jpeg,2
060403-20160107133714Th,20160107133714Th.jpeg,2
050101-20181101230010Mh,20181101230010Mh.jpeg,2
060102-20190322144450Bh,20190322144450Bh.jpeg,2
050103-20181101230010Mh,20181101230010Mh.jpeg,2
020401-20120225172914Mh,20120225172914Mh.jpeg,2
050101-20160101133714Th,20160101133714Th.jpeg,2
050103-20160101133714Th,20160101133714Th.jpeg,2
050102-20160101133714Th,20160101133714Th.jpeg,2
050103-20170609133710Th,20170609133710Th.jpeg,2
020403-20110324082614Th,20110324082614Th.jpeg,2
010101-20211016145050Bh,20211016145050Bh.jpeg,2
020401-20171007133710Th,20171007133710Th.jpeg,2
020101-20200619123010Th,20200619123010Th.jpeg,2
050103-20170827165310Mh,20170827165310Mh.jpeg,2
010403-20110410141654Bh,20110410141654Bh.jpeg,2
020403-20220122085210Th,20220122085210Th.jpeg,2
010401-20170119031254Uh,20170119031254Uh.jpeg,2
010102-20140604195854Bh,20140604195854Bh.jpeg,2
050101-20220328143550Bh,20220328143550Bh.jpeg,1
010203-20110823120334Ch,20110823120334Ch.jpeg,1
020101-20201022223330Lh,20201022223330Lh.jpeg,1
010203-20190611032810Mh,20190611032810Mh.jpeg,1
010201-20190611032810Mh,20190611032810Mh.jpeg,1
050202-20170322015550Uh,20170322015550Uh.jpeg,1
050103-20180801232450Bh,20180801232450Bh.jpeg,1
010401-20130303063154Uh,20130303063154Uh.jpeg,1
040301-20170612135150Bh,20170612135150Bh.jpeg,1
050102-20220328143550Bh,20220328143550Bh.jpeg,1
050202-20171005144050Bh,20171005144050Bh.jpeg,1
010401-20110301082654Uh,20110301082654Uh.jpeg,1
010203-20180804234530Lh,20180804234530Lh.jpeg,1
010201-20180804234530Lh,20180804234530Lh.jpeg,1
010202-20180804234530Lh,20180804234530Lh.jpeg,1
010301-20180805232510Mh,20180805232510Mh.jpeg,1
010103-20171011170310Mh,20171011170310Mh.jpeg,1
010102-20171011170310Mh,20171011170310Mh.jpeg,1
050102-20180202130330Ch,20180202130330Ch.jpeg,1
040302-20220104043050Uh,20220104043050Uh.jpeg,1
010302-20180805232510Mh,20180805232510Mh.jpeg,1
060102-20180924112030Ch,20180924112030Ch.jpeg,1
050302-20190926165810Mh,20190926165810Mh.jpeg,1
060102-20180827232530Lh,20180827232530Lh.jpeg,1
010203-20210201020330Lh,20210201020330Lh.jpeg,1
010103-20170418013450Uh,20170418013450Uh.jpeg,1
040303-20210626133950Bh,20210626133950Bh.jpeg,1
010203-20170502233130Lh,20170502233130Lh.jpeg,1
050303-20190926165810Mh,20190926165810Mh.jpeg,1
010302-20180926014350Uh,20180926014350Uh.jpeg,1
040402-20190805054730Lh,20190805054730Lh.jpeg,1
060403-20110221173814Mh,20110221173814Mh.jpeg,1
010101-20200116073250Uh,20200116073250Uh.jpeg,1
010303-20180926014350Uh,20180926014350Uh.jpeg,1
040301-20190701123830Ch,20190701123830Ch.jpeg,1
040302-20210331231510Mh,20210331231510Mh.jpeg,1
030401-20150727082014Th,20150727082014Th.jpeg,1
010101-20181023232430Lh,20181023232430Lh.jpeg,1
010203-20170222133710Th,20170222133710Th.jpeg,1
010101-20180309000910Mh,20180309000910Mh.jpeg,1
010203-20170106133714Th,20170106133714Th.jpeg,1
050103-20110322005814Mh,20110322005814Mh.jpeg,1
050102-20110322005814Mh,20110322005814Mh.jpeg,1
020101-20190927165910Mh,20190927165910Mh.jpeg,1
050102-20110517164514Mh,20110517164514Mh.jpeg,1
010102-20180318020350Uh,20180318020350Uh.jpeg,1
050101-20110322005814Mh,20110322005814Mh.jpeg,1
050302-20110211084114Th,20110211084114Th.jpeg,1
010401-20170804140650Bh,20170804140650Bh.jpeg,1
010403-20110128174814Mh,20110128174814Mh.jpeg,1
010202-20150819082014Th,20150819082014Th.jpeg,1
040301-20210331231510Mh,20210331231510Mh.jpeg,1
010101-20170107133714Th,20170107133714Th.jpeg,1
010303-20210624133950Bh,20210624133950Bh.jpeg,1
010103-20190626025430Lh,20190626025430Lh.jpeg,1
020403-20200114073230Lh,20200114073230Lh.jpeg,1
030401-20170925225630Lh,20170925225630Lh.jpeg,1
050103-20220328143550Bh,20220328143550Bh.jpeg,1
040401-20180712123630Ch,20180712123630Ch.jpeg,1
010102-20171101133730Ch,20171101133730Ch.jpeg,1
010101-20190602025430Lh,20190602025430Lh.jpeg,1
010203-20140531195834Ch,20140531195834Ch.jpeg,1
010301-20181024232430Lh,20181024232430Lh.jpeg,1
060403-20180301050430Lh,20180301050430Lh.jpeg,1
010102-20171008144250Bh,20171008144250Bh.jpeg,1
010403-20170927143450Bh,20170927143450Bh.jpeg,1
010401-20170927143450Bh,20170927143450Bh.jpeg,1
040102-20180710031950Uh,20180710031950Uh.jpeg,1
010203-20150819082014Th,20150819082014Th.jpeg,1
010102-20110203082634Lh,20110203082634Lh.jpeg,1
020101-20200105073250Uh,20200105073250Uh.jpeg,1
010403-20171007133730Ch,20171007133730Ch.jpeg,1
020403-20130219063134Lh,20130219063134Lh.jpeg,1
020401-20130219063134Lh,20130219063134Lh.jpeg,1
010403-20170119031254Uh,20170119031254Uh.jpeg,1
030403-20210810121630Ch,20210810121630Ch.jpeg,1
010202-20161110151454Bh,20161110151454Bh.jpeg,1
010103-20200110073230Lh,20200110073230Lh.jpeg,1
010101-20200110073230Lh,20200110073230Lh.jpeg,1
020403-20170417014150Uh,20170417014150Uh.jpeg,1
050302-20181102104630Ch,20181102104630Ch.jpeg,1
010102-20200110073230Lh,20200110073230Lh.jpeg,1
010201-20211225025850Uh,20211225025850Uh.jpeg,1
010202-20211225025850Uh,20211225025850Uh.jpeg,1
040401-20210616142650Bh,20210616142650Bh.jpeg,1
030403-20180506140230Ch,20180506140230Ch.jpeg,1
010203-20211225025850Uh,20211225025850Uh.jpeg,1
010103-20180309000910Mh,20180309000910Mh.jpeg,1
060403-20181014105830Ch,20181014105830Ch.jpeg,1
060403-20180923112330Ch,20180923112330Ch.jpeg,1
030302-20110325171014Mh,20110325171014Mh.jpeg,1
010201-20171103222630Lh,20171103222630Lh.jpeg,1
010103-20180318020350Uh,20180318020350Uh.jpeg,1
010201-20170502233130Lh,20170502233130Lh.jpeg,1
050101-20170609133710Th,20170609133710Th.jpeg,1
050102-20170609133710Th,20170609133710Th.jpeg,1
010403-20121009165914Mh,20121009165914Mh.jpeg,1
010403-20130303063154Uh,20130303063154Uh.jpeg,1
050302-20190317145150Bh,20190317145150Bh.jpeg,1
010403-20190412025430Lh,20190412025430Lh.jpeg,1
010401-20190412025430Lh,20190412025430Lh.jpeg,1
010402-20190412025430Lh,20190412025430Lh.jpeg,1
020403-20180318232230Lh,20180318232230Lh.jpeg,1
